2026-02-22 07:48:58.823 INFO  [background-preinit] o.h.validator.internal.util.Version : HV000001: Hibernate Validator 8.0.1.Final
2026-02-22 07:48:58.856 INFO  [main] c.d.p.PetroConnectApplication : Starting PetroConnectApplication using Java 21.0.9 with PID 1980070 (/home/unbox/Pictures/saish/projects/petrol-station-connect/backend/target/classes started by unbox in /home/unbox/Pictures/saish/projects/petrol-station-connect/backend)
2026-02-22 07:48:58.856 DEBUG [main] c.d.p.PetroConnectApplication : Running with Spring Boot v3.2.1, Spring v6.1.2
2026-02-22 07:48:58.857 INFO  [main] c.d.p.PetroConnectApplication : No active profile set, falling back to 1 default profile: "default"
2026-02-22 07:48:59.331 INFO  [main] o.s.d.r.c.RepositoryConfigurationDelegate : Bootstrapping Spring Data JPA repositories in DEFAULT mode.
2026-02-22 07:48:59.376 INFO  [main] o.s.d.r.c.RepositoryConfigurationDelegate : Finished Spring Data repository scanning in 40 ms. Found 3 JPA repository interfaces.
2026-02-22 07:48:59.794 INFO  [main] o.s.b.w.e.tomcat.TomcatWebServer : Tomcat initialized with port 8080 (http)
2026-02-22 07:48:59.802 INFO  [main] o.a.coyote.http11.Http11NioProtocol : Initializing ProtocolHandler ["http-nio-8080"]
2026-02-22 07:48:59.803 INFO  [main] o.a.catalina.core.StandardService : Starting service [Tomcat]
2026-02-22 07:48:59.804 INFO  [main] o.a.catalina.core.StandardEngine : Starting Servlet engine: [Apache Tomcat/10.1.17]
2026-02-22 07:48:59.839 INFO  [main] o.a.c.c.C.[Tomcat].[localhost].[/] : Initializing Spring embedded WebApplicationContext
2026-02-22 07:48:59.840 INFO  [main] o.s.b.w.s.c.ServletWebServerApplicationContext : Root WebApplicationContext: initialization completed in 945 ms
2026-02-22 07:48:59.872 DEBUG [main] c.d.p.config.JwtAuthenticationFilter : Filter 'jwtAuthenticationFilter' configured for use
2026-02-22 07:48:59.955 INFO  [main] com.zaxxer.hikari.HikariDataSource : HikariPool-1 - Starting...
2026-02-22 07:49:00.244 INFO  [main] com.zaxxer.hikari.pool.HikariPool : HikariPool-1 - Added connection org.postgresql.jdbc.PgConnection@f5bf288
2026-02-22 07:49:00.245 INFO  [main] com.zaxxer.hikari.HikariDataSource : HikariPool-1 - Start completed.
2026-02-22 07:49:00.305 INFO  [main] o.f.c.i.license.VersionPrinter : Flyway Community Edition 9.22.3 by Redgate
2026-02-22 07:49:00.305 INFO  [main] o.f.c.i.license.VersionPrinter : See release notes here: https://rd.gt/416ObMi
2026-02-22 07:49:00.305 INFO  [main] o.f.c.i.license.VersionPrinter : 
2026-02-22 07:49:00.316 INFO  [main] org.flywaydb.core.FlywayExecutor : Database: jdbc:postgresql://localhost:5432/petroconnectdb (PostgreSQL 16.10)
2026-02-22 07:49:00.322 WARN  [main] o.f.c.i.database.base.Database : Flyway upgrade recommended: PostgreSQL 16.10 is newer than this version of Flyway and support has not been tested. The latest supported version of PostgreSQL is 15.
2026-02-22 07:49:00.350 INFO  [main] o.f.core.internal.command.DbValidate : Successfully validated 2 migrations (execution time 00:00.019s)
2026-02-22 07:49:00.376 INFO  [main] o.f.core.internal.command.DbMigrate : Current version of schema "public": 2
2026-02-22 07:49:00.378 INFO  [main] o.f.core.internal.command.DbMigrate : Schema "public" is up to date. No migration necessary.
2026-02-22 07:49:00.442 INFO  [main] o.h.jpa.internal.util.LogHelper : HHH000204: Processing PersistenceUnitInfo [name: default]
2026-02-22 07:49:00.486 INFO  [main] org.hibernate.Version : HHH000412: Hibernate ORM core version 6.4.1.Final
2026-02-22 07:49:00.513 INFO  [main] o.h.c.i.RegionFactoryInitiator : HHH000026: Second-level cache disabled
2026-02-22 07:49:00.685 INFO  [main] o.s.o.j.p.SpringPersistenceUnitInfo : No LoadTimeWeaver setup: ignoring JPA class transformer
2026-02-22 07:49:01.418 INFO  [main] o.h.e.t.j.p.i.JtaPlatformInitiator : HHH000489: No JTA platform available (set 'hibernate.transaction.jta.platform' to enable JTA platform integration)
2026-02-22 07:49:01.448 INFO  [main] o.s.o.j.LocalContainerEntityManagerFactoryBean : Initialized JPA EntityManagerFactory for persistence unit 'default'
2026-02-22 07:49:01.723 INFO  [main] o.s.d.j.r.query.QueryEnhancerFactory : Hibernate is in classpath; If applicable, HQL parser will be used.
2026-02-22 07:49:01.768 WARN  [main] o.s.b.a.o.j.JpaBaseConfiguration$JpaWebConfiguration : spring.jpa.open-in-view is enabled by default. Therefore, database queries may be performed during view rendering. Explicitly configure spring.jpa.open-in-view to disable this warning
2026-02-22 07:49:01.824 INFO  [main] o.s.b.a.w.s.WelcomePageHandlerMapping : Adding welcome page: class path resource [static/index.html]
2026-02-22 07:49:01.935 INFO  [main] o.s.s.web.DefaultSecurityFilterChain : Will secure any request with [org.springframework.security.web.session.DisableEncodeUrlFilter@2c8f7d6a, org.springframework.security.web.context.request.async.WebAsyncManagerIntegrationFilter@77331437, org.springframework.security.web.context.SecurityContextHolderFilter@1483c738, org.springframework.security.web.header.HeaderWriterFilter@4d87e7f3, org.springframework.web.filter.CorsFilter@98a0842, org.springframework.security.web.authentication.logout.LogoutFilter@439047ef, org.springframework.security.web.savedrequest.RequestCacheAwareFilter@4ffcb1bd, org.springframework.security.web.servletapi.SecurityContextHolderAwareRequestFilter@5be8a92c, org.springframework.security.web.authentication.AnonymousAuthenticationFilter@56f569e, org.springframework.security.web.access.ExceptionTranslationFilter@7ab8f93, org.springframework.security.web.access.intercept.AuthorizationFilter@12f933c7]
2026-02-22 07:49:02.102 INFO  [main] o.a.coyote.http11.Http11NioProtocol : Starting ProtocolHandler ["http-nio-8080"]
2026-02-22 07:49:02.114 INFO  [main] o.s.b.w.e.tomcat.TomcatWebServer : Tomcat started on port 8080 (http) with context path ''
2026-02-22 07:49:02.120 INFO  [main] c.d.p.PetroConnectApplication : Started PetroConnectApplication in 3.645 seconds (process running for 3.894)
2026-02-22 07:49:18.064 INFO  [http-nio-8080-exec-1] o.a.c.c.C.[Tomcat].[localhost].[/] : Initializing Spring DispatcherServlet 'dispatcherServlet'
2026-02-22 07:49:18.064 INFO  [http-nio-8080-exec-1] o.s.web.servlet.DispatcherServlet : Initializing Servlet 'dispatcherServlet'
2026-02-22 07:49:18.065 INFO  [http-nio-8080-exec-1] o.s.web.servlet.DispatcherServlet : Completed initialization in 1 ms
2026-02-22 07:53:20.551 INFO  [SpringApplicationShutdownHook] o.s.o.j.LocalContainerEntityManagerFactoryBean : Closing JPA EntityManagerFactory for persistence unit 'default'
2026-02-22 07:53:20.553 INFO  [SpringApplicationShutdownHook] com.zaxxer.hikari.HikariDataSource : HikariPool-1 - Shutdown initiated...
2026-02-22 07:53:20.559 INFO  [SpringApplicationShutdownHook] com.zaxxer.hikari.HikariDataSource : HikariPool-1 - Shutdown completed.
2026-02-22 07:53:27.569 INFO  [background-preinit] o.h.validator.internal.util.Version : HV000001: Hibernate Validator 8.0.1.Final
2026-02-22 07:53:27.603 INFO  [main] c.d.p.PetroConnectApplication : Starting PetroConnectApplication using Java 21.0.9 with PID 1980822 (/home/unbox/Pictures/saish/projects/petrol-station-connect/backend/target/classes started by unbox in /home/unbox/Pictures/saish/projects/petrol-station-connect/backend)
2026-02-22 07:53:27.603 DEBUG [main] c.d.p.PetroConnectApplication : Running with Spring Boot v3.2.1, Spring v6.1.2
2026-02-22 07:53:27.604 INFO  [main] c.d.p.PetroConnectApplication : No active profile set, falling back to 1 default profile: "default"
2026-02-22 07:53:28.082 INFO  [main] o.s.d.r.c.RepositoryConfigurationDelegate : Bootstrapping Spring Data JPA repositories in DEFAULT mode.
2026-02-22 07:53:28.127 INFO  [main] o.s.d.r.c.RepositoryConfigurationDelegate : Finished Spring Data repository scanning in 39 ms. Found 3 JPA repository interfaces.
2026-02-22 07:53:28.509 INFO  [main] o.s.b.w.e.tomcat.TomcatWebServer : Tomcat initialized with port 8080 (http)
2026-02-22 07:53:28.516 INFO  [main] o.a.coyote.http11.Http11NioProtocol : Initializing ProtocolHandler ["http-nio-8080"]
2026-02-22 07:53:28.518 INFO  [main] o.a.catalina.core.StandardService : Starting service [Tomcat]
2026-02-22 07:53:28.518 INFO  [main] o.a.catalina.core.StandardEngine : Starting Servlet engine: [Apache Tomcat/10.1.17]
2026-02-22 07:53:28.554 INFO  [main] o.a.c.c.C.[Tomcat].[localhost].[/] : Initializing Spring embedded WebApplicationContext
2026-02-22 07:53:28.555 INFO  [main] o.s.b.w.s.c.ServletWebServerApplicationContext : Root WebApplicationContext: initialization completed in 914 ms
2026-02-22 07:53:28.601 DEBUG [main] c.d.p.config.JwtAuthenticationFilter : Filter 'jwtAuthenticationFilter' configured for use
2026-02-22 07:53:28.601 DEBUG [main] c.d.p.c.RequestResponseLoggingFilter : Filter 'requestResponseLoggingFilter' configured for use
2026-02-22 07:53:28.648 INFO  [main] com.zaxxer.hikari.HikariDataSource : HikariPool-1 - Starting...
2026-02-22 07:53:28.893 INFO  [main] com.zaxxer.hikari.pool.HikariPool : HikariPool-1 - Added connection org.postgresql.jdbc.PgConnection@20440c6c
2026-02-22 07:53:28.894 INFO  [main] com.zaxxer.hikari.HikariDataSource : HikariPool-1 - Start completed.
2026-02-22 07:53:28.949 INFO  [main] o.f.c.i.license.VersionPrinter : Flyway Community Edition 9.22.3 by Redgate
2026-02-22 07:53:28.950 INFO  [main] o.f.c.i.license.VersionPrinter : See release notes here: https://rd.gt/416ObMi
2026-02-22 07:53:28.950 INFO  [main] o.f.c.i.license.VersionPrinter : 
2026-02-22 07:53:28.961 INFO  [main] org.flywaydb.core.FlywayExecutor : Database: jdbc:postgresql://localhost:5432/petroconnectdb (PostgreSQL 16.10)
2026-02-22 07:53:28.967 WARN  [main] o.f.c.i.database.base.Database : Flyway upgrade recommended: PostgreSQL 16.10 is newer than this version of Flyway and support has not been tested. The latest supported version of PostgreSQL is 15.
2026-02-22 07:53:28.994 INFO  [main] o.f.core.internal.command.DbValidate : Successfully validated 2 migrations (execution time 00:00.018s)
2026-02-22 07:53:29.025 INFO  [main] o.f.core.internal.command.DbMigrate : Current version of schema "public": 2
2026-02-22 07:53:29.027 INFO  [main] o.f.core.internal.command.DbMigrate : Schema "public" is up to date. No migration necessary.
2026-02-22 07:53:29.087 INFO  [main] o.h.jpa.internal.util.LogHelper : HHH000204: Processing PersistenceUnitInfo [name: default]
2026-02-22 07:53:29.127 INFO  [main] org.hibernate.Version : HHH000412: Hibernate ORM core version 6.4.1.Final
2026-02-22 07:53:29.154 INFO  [main] o.h.c.i.RegionFactoryInitiator : HHH000026: Second-level cache disabled
2026-02-22 07:53:29.320 INFO  [main] o.s.o.j.p.SpringPersistenceUnitInfo : No LoadTimeWeaver setup: ignoring JPA class transformer
2026-02-22 07:53:30.114 INFO  [main] o.h.e.t.j.p.i.JtaPlatformInitiator : HHH000489: No JTA platform available (set 'hibernate.transaction.jta.platform' to enable JTA platform integration)
2026-02-22 07:53:30.154 INFO  [main] o.s.o.j.LocalContainerEntityManagerFactoryBean : Initialized JPA EntityManagerFactory for persistence unit 'default'
2026-02-22 07:53:30.508 INFO  [main] o.s.d.j.r.query.QueryEnhancerFactory : Hibernate is in classpath; If applicable, HQL parser will be used.
2026-02-22 07:53:30.567 WARN  [main] o.s.b.a.o.j.JpaBaseConfiguration$JpaWebConfiguration : spring.jpa.open-in-view is enabled by default. Therefore, database queries may be performed during view rendering. Explicitly configure spring.jpa.open-in-view to disable this warning
2026-02-22 07:53:30.643 INFO  [main] o.s.b.a.w.s.WelcomePageHandlerMapping : Adding welcome page: class path resource [static/index.html]
2026-02-22 07:53:30.708 DEBUG [main] o.s.w.s.m.m.a.RequestMappingHandlerMapping : 11 mappings in 'requestMappingHandlerMapping'
2026-02-22 07:53:30.789 DEBUG [main] o.s.w.s.h.SimpleUrlHandlerMapping : Patterns [/webjars/**, /**] in 'resourceHandlerMapping'
2026-02-22 07:53:30.820 INFO  [main] o.s.s.web.DefaultSecurityFilterChain : Will secure any request with [org.springframework.security.web.session.DisableEncodeUrlFilter@2b826482, org.springframework.security.web.context.request.async.WebAsyncManagerIntegrationFilter@3f908a10, org.springframework.security.web.context.SecurityContextHolderFilter@67cd1db3, org.springframework.security.web.header.HeaderWriterFilter@2e76ade9, org.springframework.web.filter.CorsFilter@153c69bc, org.springframework.security.web.authentication.logout.LogoutFilter@77331437, org.springframework.security.web.savedrequest.RequestCacheAwareFilter@53630682, org.springframework.security.web.servletapi.SecurityContextHolderAwareRequestFilter@71e2ddd, org.springframework.security.web.authentication.AnonymousAuthenticationFilter@73cfafd8, org.springframework.security.web.access.ExceptionTranslationFilter@29682244, org.springframework.security.web.access.intercept.AuthorizationFilter@60ae950f]
2026-02-22 07:53:30.893 DEBUG [main] o.s.w.s.m.m.a.RequestMappingHandlerAdapter : ControllerAdvice beans: 0 @ModelAttribute, 0 @InitBinder, 1 RequestBodyAdvice, 1 ResponseBodyAdvice
2026-02-22 07:53:30.922 DEBUG [main] o.s.w.s.m.m.a.ExceptionHandlerExceptionResolver : ControllerAdvice beans: 0 @ExceptionHandler, 1 ResponseBodyAdvice
2026-02-22 07:53:31.031 INFO  [main] o.a.coyote.http11.Http11NioProtocol : Starting ProtocolHandler ["http-nio-8080"]
2026-02-22 07:53:31.043 INFO  [main] o.s.b.w.e.tomcat.TomcatWebServer : Tomcat started on port 8080 (http) with context path ''
2026-02-22 07:53:31.050 INFO  [main] c.d.p.PetroConnectApplication : Started PetroConnectApplication in 3.8 seconds (process running for 4.037)
2026-02-22 07:53:50.624 INFO  [http-nio-8080-exec-1] o.a.c.c.C.[Tomcat].[localhost].[/] : Initializing Spring DispatcherServlet 'dispatcherServlet'
2026-02-22 07:53:50.624 INFO  [http-nio-8080-exec-1] o.s.web.servlet.DispatcherServlet : Initializing Servlet 'dispatcherServlet'
2026-02-22 07:53:50.624 DEBUG [http-nio-8080-exec-1] o.s.web.servlet.DispatcherServlet : Detected StandardServletMultipartResolver
2026-02-22 07:53:50.624 DEBUG [http-nio-8080-exec-1] o.s.web.servlet.DispatcherServlet : Detected AcceptHeaderLocaleResolver
2026-02-22 07:53:50.625 DEBUG [http-nio-8080-exec-1] o.s.web.servlet.DispatcherServlet : Detected FixedThemeResolver
2026-02-22 07:53:50.625 DEBUG [http-nio-8080-exec-1] o.s.web.servlet.DispatcherServlet : Detected org.springframework.web.servlet.view.DefaultRequestToViewNameTranslator@2ab1c7a9
2026-02-22 07:53:50.626 DEBUG [http-nio-8080-exec-1] o.s.web.servlet.DispatcherServlet : Detected org.springframework.web.servlet.support.SessionFlashMapManager@1e14ed59
2026-02-22 07:53:50.626 DEBUG [http-nio-8080-exec-1] o.s.web.servlet.DispatcherServlet : enableLoggingRequestDetails='false': request parameters and headers will be masked to prevent unsafe logging of potentially sensitive data
2026-02-22 07:53:50.626 INFO  [http-nio-8080-exec-1] o.s.web.servlet.DispatcherServlet : Completed initialization in 2 ms
2026-02-22 07:53:50.664 DEBUG [http-nio-8080-exec-1] o.s.web.servlet.DispatcherServlet : POST "/api/auth/login", parameters={}
2026-02-22 07:53:50.665 DEBUG [http-nio-8080-exec-1] o.s.w.s.m.m.a.RequestMappingHandlerMapping : Mapped to com.deccan.petroconnect.controllers.AuthController#loginUser(LoginRequest, HttpSession)
2026-02-22 07:53:50.730 DEBUG [http-nio-8080-exec-1] o.s.w.s.m.m.a.RequestResponseBodyMethodProcessor : Read "application/json;charset=UTF-8" to [LoginRequest(username=demo, password=demo)]
2026-02-22 07:53:51.062 DEBUG [http-nio-8080-exec-1] o.s.w.s.m.m.a.HttpEntityMethodProcessor : Using 'application/json', given [application/json, text/plain, */*] and supported [application/json, application/*+json]
2026-02-22 07:53:51.063 DEBUG [http-nio-8080-exec-1] o.s.w.s.m.m.a.HttpEntityMethodProcessor : Writing [{station_configured=true, station_created_at=2026-02-04, token=093d4222-f418-4b86-9298-4a92bcc8dd02, (truncated)...]
2026-02-22 07:53:51.074 DEBUG [http-nio-8080-exec-1] o.s.web.servlet.DispatcherServlet : Completed 200 OK
2026-02-22 07:53:51.075 INFO  [http-nio-8080-exec-1] c.d.p.c.RequestResponseLoggingFilter : REQUEST: method=POST, uri=/api/auth/login, headers={sec-fetch-mode=cors, content-length=37, referer=http://localhost:5173/, sec-fetch-site=same-site, accept-language=en-GB,en-US;q=0.9,en;q=0.8, cookie=JSESSIONID=5B232456DD32E7771C58C6322C32AD64, origin=http://localhost:5173, dnt=1, accept=application/json, text/plain, */*, sec-ch-ua="Chromium";v="142", "Google Chrome";v="142", "Not_A Brand";v="99", sec-ch-ua-mobile=?0, sec-ch-ua-platform="Linux", host=localhost:8080, connection=keep-alive, content-type=application/json, accept-encoding=gzip, deflate, br, zstd, user-agent=Mozilla/5.0 (X11; Linux x86_64) AppleWebKit/537.36 (KHTML, like Gecko) Chrome/142.0.0.0 Safari/537.36, sec-fetch-dest=empty}, payload={"username":"demo","password":"demo"}
2026-02-22 07:53:51.076 INFO  [http-nio-8080-exec-1] c.d.p.c.RequestResponseLoggingFilter : RESPONSE: status=200, payload={"station_configured":true,"station_created_at":"2026-02-04","token":"093d4222-f418-4b86-9298-4a92bcc8dd02","username":"demo"}, time_ms=413
2026-02-22 07:53:51.183 DEBUG [http-nio-8080-exec-2] o.s.web.servlet.DispatcherServlet : GET "/api/station/config?username=demo", parameters={masked}
2026-02-22 07:53:51.184 DEBUG [http-nio-8080-exec-2] o.s.w.s.m.m.a.RequestMappingHandlerMapping : Mapped to com.deccan.petroconnect.controllers.PetrolStationController#getStationConfig(String)
2026-02-22 07:53:51.211 DEBUG [http-nio-8080-exec-2] o.s.w.s.m.m.a.HttpEntityMethodProcessor : Using 'application/json', given [application/json, text/plain, */*] and supported [application/json, application/*+json]
2026-02-22 07:53:51.213 DEBUG [http-nio-8080-exec-2] o.s.w.s.m.m.a.HttpEntityMethodProcessor : Writing [PetrolStation(id=1, stationName=OmSaiSiddhi, stationCode=demo, dealerName=demo, contactNumber=demo,  (truncated)...]
2026-02-22 07:53:51.215 DEBUG [http-nio-8080-exec-2] o.s.web.servlet.DispatcherServlet : Completed 200 OK
2026-02-22 07:53:51.216 INFO  [http-nio-8080-exec-2] c.d.p.c.RequestResponseLoggingFilter : REQUEST: method=GET, uri=/api/station/config, headers={sec-fetch-mode=cors, referer=http://localhost:5173/, sec-fetch-site=same-site, accept-language=en-GB,en-US;q=0.9,en;q=0.8, cookie=JSESSIONID=598215FA1BEAB7A7EB63EA5492D460EA, origin=http://localhost:5173, dnt=1, accept=application/json, text/plain, */*, authorization=Bearer 093d4222-f418-4b86-9298-4a92bcc8dd02, sec-ch-ua="Chromium";v="142", "Google Chrome";v="142", "Not_A Brand";v="99", sec-ch-ua-mobile=?0, sec-ch-ua-platform="Linux", host=localhost:8080, connection=keep-alive, accept-encoding=gzip, deflate, br, zstd, user-agent=Mozilla/5.0 (X11; Linux x86_64) AppleWebKit/537.36 (KHTML, like Gecko) Chrome/142.0.0.0 Safari/537.36, sec-fetch-dest=empty}, payload=
2026-02-22 07:53:51.216 INFO  [http-nio-8080-exec-2] c.d.p.c.RequestResponseLoggingFilter : RESPONSE: status=200, payload={"id":1,"stationName":"OmSaiSiddhi","stationCode":"demo","dealerName":"demo","contactNumber":"demo","email":"demo@gmail.com","address":"demo","createdAt":"2026-02-04","configuration":"{\"shifts\": [\"Day\", \"Night\"], \"stationName\": \"OmSaiSiddhi\", \"isConfigured\": true, \"dispensingUnits\": [{\"id\": 1, \"name\": \"DU 1\", \"nozzles\": [{\"id\": \"A1\", \"productType\": \"Petrol\"}, {\"id\": \"A2\", \"productType\": \"Petrol\"}]}, {\"id\": 2, \"name\": \"DU 2\", \"nozzles\": [{\"id\": \"V1\", \"productType\": \"Diesel\"}, {\"id\": \"V2\", \"productType\": \"Diesel\"}]}]}"}, time_ms=33
2026-02-22 07:53:51.221 DEBUG [http-nio-8080-exec-3] o.s.web.servlet.DispatcherServlet : GET "/api/station/config?username=demo", parameters={masked}
2026-02-22 07:53:51.222 DEBUG [http-nio-8080-exec-3] o.s.w.s.m.m.a.RequestMappingHandlerMapping : Mapped to com.deccan.petroconnect.controllers.PetrolStationController#getStationConfig(String)
2026-02-22 07:53:51.224 DEBUG [http-nio-8080-exec-4] o.s.web.servlet.DispatcherServlet : GET "/api/dsr?date=2026-02-22&shift=Day", parameters={masked}
2026-02-22 07:53:51.225 DEBUG [http-nio-8080-exec-4] o.s.w.s.m.m.a.RequestMappingHandlerMapping : Mapped to com.deccan.petroconnect.controllers.DsrController#getDsrShift(String, String)
2026-02-22 07:53:51.230 DEBUG [http-nio-8080-exec-3] o.s.w.s.m.m.a.HttpEntityMethodProcessor : Using 'application/json', given [application/json, text/plain, */*] and supported [application/json, application/*+json]
2026-02-22 07:53:51.230 DEBUG [http-nio-8080-exec-3] o.s.w.s.m.m.a.HttpEntityMethodProcessor : Writing [PetrolStation(id=1, stationName=OmSaiSiddhi, stationCode=demo, dealerName=demo, contactNumber=demo,  (truncated)...]
2026-02-22 07:53:51.230 DEBUG [http-nio-8080-exec-3] o.s.web.servlet.DispatcherServlet : Completed 200 OK
2026-02-22 07:53:51.231 INFO  [http-nio-8080-exec-3] c.d.p.c.RequestResponseLoggingFilter : REQUEST: method=GET, uri=/api/station/config, headers={sec-fetch-mode=cors, referer=http://localhost:5173/, sec-fetch-site=same-site, accept-language=en-GB,en-US;q=0.9,en;q=0.8, cookie=JSESSIONID=598215FA1BEAB7A7EB63EA5492D460EA, origin=http://localhost:5173, dnt=1, accept=application/json, text/plain, */*, authorization=Bearer 093d4222-f418-4b86-9298-4a92bcc8dd02, sec-ch-ua="Chromium";v="142", "Google Chrome";v="142", "Not_A Brand";v="99", sec-ch-ua-mobile=?0, sec-ch-ua-platform="Linux", host=localhost:8080, connection=keep-alive, accept-encoding=gzip, deflate, br, zstd, user-agent=Mozilla/5.0 (X11; Linux x86_64) AppleWebKit/537.36 (KHTML, like Gecko) Chrome/142.0.0.0 Safari/537.36, sec-fetch-dest=empty}, payload=
2026-02-22 07:53:51.231 INFO  [http-nio-8080-exec-3] c.d.p.c.RequestResponseLoggingFilter : RESPONSE: status=200, payload={"id":1,"stationName":"OmSaiSiddhi","stationCode":"demo","dealerName":"demo","contactNumber":"demo","email":"demo@gmail.com","address":"demo","createdAt":"2026-02-04","configuration":"{\"shifts\": [\"Day\", \"Night\"], \"stationName\": \"OmSaiSiddhi\", \"isConfigured\": true, \"dispensingUnits\": [{\"id\": 1, \"name\": \"DU 1\", \"nozzles\": [{\"id\": \"A1\", \"productType\": \"Petrol\"}, {\"id\": \"A2\", \"productType\": \"Petrol\"}]}, {\"id\": 2, \"name\": \"DU 2\", \"nozzles\": [{\"id\": \"V1\", \"productType\": \"Diesel\"}, {\"id\": \"V2\", \"productType\": \"Diesel\"}]}]}"}, time_ms=9
2026-02-22 07:53:51.233 DEBUG [http-nio-8080-exec-4] o.s.w.s.m.m.a.HttpEntityMethodProcessor : Using 'application/json', given [application/json, text/plain, */*] and supported [*/*]
2026-02-22 07:53:51.234 DEBUG [http-nio-8080-exec-4] o.s.web.servlet.DispatcherServlet : Completed 200 OK
2026-02-22 07:53:51.234 INFO  [http-nio-8080-exec-4] c.d.p.c.RequestResponseLoggingFilter : REQUEST: method=GET, uri=/api/dsr, headers={sec-fetch-mode=cors, referer=http://localhost:5173/, sec-fetch-site=same-site, accept-language=en-GB,en-US;q=0.9,en;q=0.8, cookie=JSESSIONID=598215FA1BEAB7A7EB63EA5492D460EA, origin=http://localhost:5173, dnt=1, accept=application/json, text/plain, */*, authorization=Bearer 093d4222-f418-4b86-9298-4a92bcc8dd02, sec-ch-ua="Chromium";v="142", "Google Chrome";v="142", "Not_A Brand";v="99", sec-ch-ua-mobile=?0, sec-ch-ua-platform="Linux", host=localhost:8080, connection=keep-alive, accept-encoding=gzip, deflate, br, zstd, user-agent=Mozilla/5.0 (X11; Linux x86_64) AppleWebKit/537.36 (KHTML, like Gecko) Chrome/142.0.0.0 Safari/537.36, sec-fetch-dest=empty}, payload=
2026-02-22 07:53:51.234 INFO  [http-nio-8080-exec-4] c.d.p.c.RequestResponseLoggingFilter : RESPONSE: status=200, payload=, time_ms=10
2026-02-22 07:53:51.239 DEBUG [http-nio-8080-exec-5] o.s.web.servlet.DispatcherServlet : GET "/api/dsr?date=2026-02-22&shift=Day", parameters={masked}
2026-02-22 07:53:51.239 DEBUG [http-nio-8080-exec-5] o.s.w.s.m.m.a.RequestMappingHandlerMapping : Mapped to com.deccan.petroconnect.controllers.DsrController#getDsrShift(String, String)
2026-02-22 07:53:51.242 DEBUG [http-nio-8080-exec-6] o.s.web.servlet.DispatcherServlet : GET "/api/dsr?date=2026-02-21&shift=Night", parameters={masked}
2026-02-22 07:53:51.242 DEBUG [http-nio-8080-exec-6] o.s.w.s.m.m.a.RequestMappingHandlerMapping : Mapped to com.deccan.petroconnect.controllers.DsrController#getDsrShift(String, String)
2026-02-22 07:53:51.244 DEBUG [http-nio-8080-exec-5] o.s.w.s.m.m.a.HttpEntityMethodProcessor : Using 'application/json', given [application/json, text/plain, */*] and supported [*/*]
2026-02-22 07:53:51.244 DEBUG [http-nio-8080-exec-5] o.s.web.servlet.DispatcherServlet : Completed 200 OK
2026-02-22 07:53:51.245 INFO  [http-nio-8080-exec-5] c.d.p.c.RequestResponseLoggingFilter : REQUEST: method=GET, uri=/api/dsr, headers={sec-fetch-mode=cors, referer=http://localhost:5173/, sec-fetch-site=same-site, accept-language=en-GB,en-US;q=0.9,en;q=0.8, cookie=JSESSIONID=598215FA1BEAB7A7EB63EA5492D460EA, origin=http://localhost:5173, dnt=1, accept=application/json, text/plain, */*, authorization=Bearer 093d4222-f418-4b86-9298-4a92bcc8dd02, sec-ch-ua="Chromium";v="142", "Google Chrome";v="142", "Not_A Brand";v="99", sec-ch-ua-mobile=?0, sec-ch-ua-platform="Linux", host=localhost:8080, connection=keep-alive, accept-encoding=gzip, deflate, br, zstd, user-agent=Mozilla/5.0 (X11; Linux x86_64) AppleWebKit/537.36 (KHTML, like Gecko) Chrome/142.0.0.0 Safari/537.36, sec-fetch-dest=empty}, payload=
2026-02-22 07:53:51.245 INFO  [http-nio-8080-exec-5] c.d.p.c.RequestResponseLoggingFilter : RESPONSE: status=200, payload=, time_ms=6
2026-02-22 07:53:51.247 DEBUG [http-nio-8080-exec-6] o.s.w.s.m.m.a.HttpEntityMethodProcessor : Using 'application/json', given [application/json, text/plain, */*] and supported [*/*]
2026-02-22 07:53:51.247 DEBUG [http-nio-8080-exec-6] o.s.web.servlet.DispatcherServlet : Completed 200 OK
2026-02-22 07:53:51.248 INFO  [http-nio-8080-exec-6] c.d.p.c.RequestResponseLoggingFilter : REQUEST: method=GET, uri=/api/dsr, headers={sec-fetch-mode=cors, referer=http://localhost:5173/, sec-fetch-site=same-site, accept-language=en-GB,en-US;q=0.9,en;q=0.8, cookie=JSESSIONID=598215FA1BEAB7A7EB63EA5492D460EA, origin=http://localhost:5173, dnt=1, accept=application/json, text/plain, */*, authorization=Bearer 093d4222-f418-4b86-9298-4a92bcc8dd02, sec-ch-ua="Chromium";v="142", "Google Chrome";v="142", "Not_A Brand";v="99", sec-ch-ua-mobile=?0, sec-ch-ua-platform="Linux", host=localhost:8080, connection=keep-alive, accept-encoding=gzip, deflate, br, zstd, user-agent=Mozilla/5.0 (X11; Linux x86_64) AppleWebKit/537.36 (KHTML, like Gecko) Chrome/142.0.0.0 Safari/537.36, sec-fetch-dest=empty}, payload=
2026-02-22 07:53:51.248 INFO  [http-nio-8080-exec-6] c.d.p.c.RequestResponseLoggingFilter : RESPONSE: status=200, payload=, time_ms=5
2026-02-22 07:53:51.252 DEBUG [http-nio-8080-exec-7] o.s.web.servlet.DispatcherServlet : GET "/api/dsr?date=2026-02-21&shift=Night", parameters={masked}
2026-02-22 07:53:51.252 DEBUG [http-nio-8080-exec-7] o.s.w.s.m.m.a.RequestMappingHandlerMapping : Mapped to com.deccan.petroconnect.controllers.DsrController#getDsrShift(String, String)
2026-02-22 07:53:51.256 DEBUG [http-nio-8080-exec-7] o.s.w.s.m.m.a.HttpEntityMethodProcessor : Using 'application/json', given [application/json, text/plain, */*] and supported [*/*]
2026-02-22 07:53:51.256 DEBUG [http-nio-8080-exec-7] o.s.web.servlet.DispatcherServlet : Completed 200 OK
2026-02-22 07:53:51.256 INFO  [http-nio-8080-exec-7] c.d.p.c.RequestResponseLoggingFilter : REQUEST: method=GET, uri=/api/dsr, headers={sec-fetch-mode=cors, referer=http://localhost:5173/, sec-fetch-site=same-site, accept-language=en-GB,en-US;q=0.9,en;q=0.8, cookie=JSESSIONID=598215FA1BEAB7A7EB63EA5492D460EA, origin=http://localhost:5173, dnt=1, accept=application/json, text/plain, */*, authorization=Bearer 093d4222-f418-4b86-9298-4a92bcc8dd02, sec-ch-ua="Chromium";v="142", "Google Chrome";v="142", "Not_A Brand";v="99", sec-ch-ua-mobile=?0, sec-ch-ua-platform="Linux", host=localhost:8080, connection=keep-alive, accept-encoding=gzip, deflate, br, zstd, user-agent=Mozilla/5.0 (X11; Linux x86_64) AppleWebKit/537.36 (KHTML, like Gecko) Chrome/142.0.0.0 Safari/537.36, sec-fetch-dest=empty}, payload=
2026-02-22 07:53:51.257 INFO  [http-nio-8080-exec-7] c.d.p.c.RequestResponseLoggingFilter : RESPONSE: status=200, payload=, time_ms=4
2026-02-22 07:56:36.570 DEBUG [http-nio-8080-exec-10] o.s.web.servlet.DispatcherServlet : GET "/api/dsr/consolidated?month=2&year=2026", parameters={masked}
2026-02-22 07:56:36.570 DEBUG [http-nio-8080-exec-10] o.s.w.s.m.m.a.RequestMappingHandlerMapping : Mapped to com.deccan.petroconnect.controllers.DsrController#getConsolidatedReport(int, int)
2026-02-22 07:56:36.610 DEBUG [http-nio-8080-exec-10] o.s.w.s.m.m.a.HttpEntityMethodProcessor : Using 'application/json', given [application/json, text/plain, */*] and supported [application/json, application/*+json]
2026-02-22 07:56:36.610 DEBUG [http-nio-8080-exec-10] o.s.w.s.m.m.a.HttpEntityMethodProcessor : Writing [[{date=2026-02-04, totalAmount=162137.66920000224, dieselAmount=99545.86720000468, petrolRate=104.52 (truncated)...]
2026-02-22 07:56:36.619 DEBUG [http-nio-8080-exec-10] o.s.web.servlet.DispatcherServlet : Completed 200 OK
2026-02-22 07:56:36.619 INFO  [http-nio-8080-exec-10] c.d.p.c.RequestResponseLoggingFilter : REQUEST: method=GET, uri=/api/dsr/consolidated, headers={sec-fetch-mode=cors, referer=http://localhost:5173/, sec-fetch-site=same-site, accept-language=en-GB,en-US;q=0.9,en;q=0.8, cookie=JSESSIONID=598215FA1BEAB7A7EB63EA5492D460EA, origin=http://localhost:5173, dnt=1, accept=application/json, text/plain, */*, authorization=Bearer 093d4222-f418-4b86-9298-4a92bcc8dd02, sec-ch-ua="Chromium";v="142", "Google Chrome";v="142", "Not_A Brand";v="99", sec-ch-ua-mobile=?0, sec-ch-ua-platform="Linux", host=localhost:8080, connection=keep-alive, accept-encoding=gzip, deflate, br, zstd, user-agent=Mozilla/5.0 (X11; Linux x86_64) AppleWebKit/537.36 (KHTML, like Gecko) Chrome/142.0.0.0 Safari/537.36, sec-fetch-dest=empty}, payload=
2026-02-22 07:56:36.620 INFO  [http-nio-8080-exec-10] c.d.p.c.RequestResponseLoggingFilter : RESPONSE: status=200, payload=[{"date":"2026-02-04","totalAmount":162137.66920000224,"dieselAmount":99545.86720000468,"petrolRate":104.52,"dieselVolume":1093.4300000000512,"petrolVolume":598.8499999999767,"dieselRate":91.04000000000002,"petrolAmount":62591.801999997566},{"date":"2026-02-05","totalAmount":136115.35520000098,"dieselAmount":68097.92,"petrolRate":104.52,"dieselVolume":748.0,"petrolVolume":650.7600000000093,"dieselRate":91.03999999999999,"petrolAmount":68017.43520000097},{"date":"2026-02-06","totalAmount":124029.88319999841,"dieselAmount":45359.769599999156,"petrolRate":104.51999999999998,"dieselVolume":498.2399999999907,"petrolVolume":752.679999999993,"dieselRate":91.04,"petrolAmount":78670.11359999925},{"date":"2026-02-07","totalAmount":204755.85119999194,"dieselAmount":120721.77119999196,"petrolRate":104.52,"dieselVolume":1326.0299999999115,"petrolVolume":804.0,"dieselRate":91.04,"petrolAmount":84034.08},{"date":"2026-02-08","totalAmount":121895.31159999178,"dieselAmount":61011.36640000297,"petrolRate":104.52,"dieselVolume":670.1600000000326,"petrolVolume":582.5099999998929,"dieselRate":91.04,"petrolAmount":60883.945199988804}], time_ms=49
2026-02-22 07:56:36.628 DEBUG [http-nio-8080-exec-1] o.s.web.servlet.DispatcherServlet : GET "/api/dsr/consolidated?month=2&year=2026", parameters={masked}
2026-02-22 07:56:36.629 DEBUG [http-nio-8080-exec-1] o.s.w.s.m.m.a.RequestMappingHandlerMapping : Mapped to com.deccan.petroconnect.controllers.DsrController#getConsolidatedReport(int, int)
2026-02-22 07:56:36.646 DEBUG [http-nio-8080-exec-1] o.s.w.s.m.m.a.HttpEntityMethodProcessor : Using 'application/json', given [application/json, text/plain, */*] and supported [application/json, application/*+json]
2026-02-22 07:56:36.647 DEBUG [http-nio-8080-exec-1] o.s.w.s.m.m.a.HttpEntityMethodProcessor : Writing [[{date=2026-02-04, totalAmount=162137.66920000224, dieselAmount=99545.86720000468, petrolRate=104.52 (truncated)...]
2026-02-22 07:56:36.650 DEBUG [http-nio-8080-exec-1] o.s.web.servlet.DispatcherServlet : Completed 200 OK
2026-02-22 07:56:36.650 INFO  [http-nio-8080-exec-1] c.d.p.c.RequestResponseLoggingFilter : REQUEST: method=GET, uri=/api/dsr/consolidated, headers={sec-fetch-mode=cors, referer=http://localhost:5173/, sec-fetch-site=same-site, accept-language=en-GB,en-US;q=0.9,en;q=0.8, cookie=JSESSIONID=598215FA1BEAB7A7EB63EA5492D460EA, origin=http://localhost:5173, dnt=1, accept=application/json, text/plain, */*, authorization=Bearer 093d4222-f418-4b86-9298-4a92bcc8dd02, sec-ch-ua="Chromium";v="142", "Google Chrome";v="142", "Not_A Brand";v="99", sec-ch-ua-mobile=?0, sec-ch-ua-platform="Linux", host=localhost:8080, connection=keep-alive, accept-encoding=gzip, deflate, br, zstd, user-agent=Mozilla/5.0 (X11; Linux x86_64) AppleWebKit/537.36 (KHTML, like Gecko) Chrome/142.0.0.0 Safari/537.36, sec-fetch-dest=empty}, payload=
2026-02-22 07:56:36.651 INFO  [http-nio-8080-exec-1] c.d.p.c.RequestResponseLoggingFilter : RESPONSE: status=200, payload=[{"date":"2026-02-04","totalAmount":162137.66920000224,"dieselAmount":99545.86720000468,"petrolRate":104.52,"dieselVolume":1093.4300000000512,"petrolVolume":598.8499999999767,"dieselRate":91.04000000000002,"petrolAmount":62591.801999997566},{"date":"2026-02-05","totalAmount":136115.35520000098,"dieselAmount":68097.92,"petrolRate":104.52,"dieselVolume":748.0,"petrolVolume":650.7600000000093,"dieselRate":91.03999999999999,"petrolAmount":68017.43520000097},{"date":"2026-02-06","totalAmount":124029.88319999841,"dieselAmount":45359.769599999156,"petrolRate":104.51999999999998,"dieselVolume":498.2399999999907,"petrolVolume":752.679999999993,"dieselRate":91.04,"petrolAmount":78670.11359999925},{"date":"2026-02-07","totalAmount":204755.85119999194,"dieselAmount":120721.77119999196,"petrolRate":104.52,"dieselVolume":1326.0299999999115,"petrolVolume":804.0,"dieselRate":91.04,"petrolAmount":84034.08},{"date":"2026-02-08","totalAmount":121895.31159999178,"dieselAmount":61011.36640000297,"petrolRate":104.52,"dieselVolume":670.1600000000326,"petrolVolume":582.5099999998929,"dieselRate":91.04,"petrolAmount":60883.945199988804}], time_ms=22
2026-02-22 07:56:36.815 DEBUG [http-nio-8080-exec-2] o.s.web.servlet.DispatcherServlet : GET "/api/station/config?username=demo", parameters={masked}
2026-02-22 07:56:36.816 DEBUG [http-nio-8080-exec-2] o.s.w.s.m.m.a.RequestMappingHandlerMapping : Mapped to com.deccan.petroconnect.controllers.PetrolStationController#getStationConfig(String)
2026-02-22 07:56:36.824 DEBUG [http-nio-8080-exec-2] o.s.w.s.m.m.a.HttpEntityMethodProcessor : Using 'application/json', given [application/json, text/plain, */*] and supported [application/json, application/*+json]
2026-02-22 07:56:36.825 DEBUG [http-nio-8080-exec-2] o.s.w.s.m.m.a.HttpEntityMethodProcessor : Writing [PetrolStation(id=1, stationName=OmSaiSiddhi, stationCode=demo, dealerName=demo, contactNumber=demo,  (truncated)...]
2026-02-22 07:56:36.826 DEBUG [http-nio-8080-exec-2] o.s.web.servlet.DispatcherServlet : Completed 200 OK
2026-02-22 07:56:36.827 INFO  [http-nio-8080-exec-2] c.d.p.c.RequestResponseLoggingFilter : REQUEST: method=GET, uri=/api/station/config, headers={sec-fetch-mode=cors, referer=http://localhost:5173/, sec-fetch-site=same-site, accept-language=en-GB,en-US;q=0.9,en;q=0.8, cookie=JSESSIONID=598215FA1BEAB7A7EB63EA5492D460EA, origin=http://localhost:5173, dnt=1, accept=application/json, text/plain, */*, authorization=Bearer 093d4222-f418-4b86-9298-4a92bcc8dd02, sec-ch-ua="Chromium";v="142", "Google Chrome";v="142", "Not_A Brand";v="99", sec-ch-ua-mobile=?0, sec-ch-ua-platform="Linux", host=localhost:8080, connection=keep-alive, accept-encoding=gzip, deflate, br, zstd, user-agent=Mozilla/5.0 (X11; Linux x86_64) AppleWebKit/537.36 (KHTML, like Gecko) Chrome/142.0.0.0 Safari/537.36, sec-fetch-dest=empty}, payload=
2026-02-22 07:56:36.827 INFO  [http-nio-8080-exec-2] c.d.p.c.RequestResponseLoggingFilter : RESPONSE: status=200, payload={"id":1,"stationName":"OmSaiSiddhi","stationCode":"demo","dealerName":"demo","contactNumber":"demo","email":"demo@gmail.com","address":"demo","createdAt":"2026-02-04","configuration":"{\"shifts\": [\"Day\", \"Night\"], \"stationName\": \"OmSaiSiddhi\", \"isConfigured\": true, \"dispensingUnits\": [{\"id\": 1, \"name\": \"DU 1\", \"nozzles\": [{\"id\": \"A1\", \"productType\": \"Petrol\"}, {\"id\": \"A2\", \"productType\": \"Petrol\"}]}, {\"id\": 2, \"name\": \"DU 2\", \"nozzles\": [{\"id\": \"V1\", \"productType\": \"Diesel\"}, {\"id\": \"V2\", \"productType\": \"Diesel\"}]}]}"}, time_ms=12
2026-02-22 07:56:36.839 DEBUG [http-nio-8080-exec-3] o.s.web.servlet.DispatcherServlet : GET "/api/station/config?username=demo", parameters={masked}
2026-02-22 07:56:36.840 DEBUG [http-nio-8080-exec-3] o.s.w.s.m.m.a.RequestMappingHandlerMapping : Mapped to com.deccan.petroconnect.controllers.PetrolStationController#getStationConfig(String)
2026-02-22 07:56:36.843 DEBUG [http-nio-8080-exec-4] o.s.web.servlet.DispatcherServlet : GET "/api/dsr?date=2026-02-22&shift=Day", parameters={masked}
2026-02-22 07:56:36.843 DEBUG [http-nio-8080-exec-4] o.s.w.s.m.m.a.RequestMappingHandlerMapping : Mapped to com.deccan.petroconnect.controllers.DsrController#getDsrShift(String, String)
2026-02-22 07:56:36.847 DEBUG [http-nio-8080-exec-3] o.s.w.s.m.m.a.HttpEntityMethodProcessor : Using 'application/json', given [application/json, text/plain, */*] and supported [application/json, application/*+json]
2026-02-22 07:56:36.848 DEBUG [http-nio-8080-exec-3] o.s.w.s.m.m.a.HttpEntityMethodProcessor : Writing [PetrolStation(id=1, stationName=OmSaiSiddhi, stationCode=demo, dealerName=demo, contactNumber=demo,  (truncated)...]
2026-02-22 07:56:36.848 DEBUG [http-nio-8080-exec-4] o.s.w.s.m.m.a.HttpEntityMethodProcessor : Using 'application/json', given [application/json, text/plain, */*] and supported [*/*]
2026-02-22 07:56:36.849 DEBUG [http-nio-8080-exec-3] o.s.web.servlet.DispatcherServlet : Completed 200 OK
2026-02-22 07:56:36.849 DEBUG [http-nio-8080-exec-4] o.s.web.servlet.DispatcherServlet : Completed 200 OK
2026-02-22 07:56:36.849 INFO  [http-nio-8080-exec-4] c.d.p.c.RequestResponseLoggingFilter : REQUEST: method=GET, uri=/api/dsr, headers={sec-fetch-mode=cors, referer=http://localhost:5173/, sec-fetch-site=same-site, accept-language=en-GB,en-US;q=0.9,en;q=0.8, cookie=JSESSIONID=598215FA1BEAB7A7EB63EA5492D460EA, origin=http://localhost:5173, dnt=1, accept=application/json, text/plain, */*, authorization=Bearer 093d4222-f418-4b86-9298-4a92bcc8dd02, sec-ch-ua="Chromium";v="142", "Google Chrome";v="142", "Not_A Brand";v="99", sec-ch-ua-mobile=?0, sec-ch-ua-platform="Linux", host=localhost:8080, connection=keep-alive, accept-encoding=gzip, deflate, br, zstd, user-agent=Mozilla/5.0 (X11; Linux x86_64) AppleWebKit/537.36 (KHTML, like Gecko) Chrome/142.0.0.0 Safari/537.36, sec-fetch-dest=empty}, payload=
2026-02-22 07:56:36.849 INFO  [http-nio-8080-exec-3] c.d.p.c.RequestResponseLoggingFilter : REQUEST: method=GET, uri=/api/station/config, headers={sec-fetch-mode=cors, referer=http://localhost:5173/, sec-fetch-site=same-site, accept-language=en-GB,en-US;q=0.9,en;q=0.8, cookie=JSESSIONID=598215FA1BEAB7A7EB63EA5492D460EA, origin=http://localhost:5173, dnt=1, accept=application/json, text/plain, */*, authorization=Bearer 093d4222-f418-4b86-9298-4a92bcc8dd02, sec-ch-ua="Chromium";v="142", "Google Chrome";v="142", "Not_A Brand";v="99", sec-ch-ua-mobile=?0, sec-ch-ua-platform="Linux", host=localhost:8080, connection=keep-alive, accept-encoding=gzip, deflate, br, zstd, user-agent=Mozilla/5.0 (X11; Linux x86_64) AppleWebKit/537.36 (KHTML, like Gecko) Chrome/142.0.0.0 Safari/537.36, sec-fetch-dest=empty}, payload=
2026-02-22 07:56:36.850 INFO  [http-nio-8080-exec-4] c.d.p.c.RequestResponseLoggingFilter : RESPONSE: status=200, payload=, time_ms=7
2026-02-22 07:56:36.850 INFO  [http-nio-8080-exec-3] c.d.p.c.RequestResponseLoggingFilter : RESPONSE: status=200, payload={"id":1,"stationName":"OmSaiSiddhi","stationCode":"demo","dealerName":"demo","contactNumber":"demo","email":"demo@gmail.com","address":"demo","createdAt":"2026-02-04","configuration":"{\"shifts\": [\"Day\", \"Night\"], \"stationName\": \"OmSaiSiddhi\", \"isConfigured\": true, \"dispensingUnits\": [{\"id\": 1, \"name\": \"DU 1\", \"nozzles\": [{\"id\": \"A1\", \"productType\": \"Petrol\"}, {\"id\": \"A2\", \"productType\": \"Petrol\"}]}, {\"id\": 2, \"name\": \"DU 2\", \"nozzles\": [{\"id\": \"V1\", \"productType\": \"Diesel\"}, {\"id\": \"V2\", \"productType\": \"Diesel\"}]}]}"}, time_ms=10
2026-02-22 07:56:36.870 DEBUG [http-nio-8080-exec-5] o.s.web.servlet.DispatcherServlet : GET "/api/dsr?date=2026-02-22&shift=Day", parameters={masked}
2026-02-22 07:56:36.871 DEBUG [http-nio-8080-exec-5] o.s.w.s.m.m.a.RequestMappingHandlerMapping : Mapped to com.deccan.petroconnect.controllers.DsrController#getDsrShift(String, String)
2026-02-22 07:56:36.871 DEBUG [http-nio-8080-exec-6] o.s.web.servlet.DispatcherServlet : GET "/api/dsr?date=2026-02-21&shift=Night", parameters={masked}
2026-02-22 07:56:36.872 DEBUG [http-nio-8080-exec-6] o.s.w.s.m.m.a.RequestMappingHandlerMapping : Mapped to com.deccan.petroconnect.controllers.DsrController#getDsrShift(String, String)
2026-02-22 07:56:36.876 DEBUG [http-nio-8080-exec-6] o.s.w.s.m.m.a.HttpEntityMethodProcessor : Using 'application/json', given [application/json, text/plain, */*] and supported [*/*]
2026-02-22 07:56:36.876 DEBUG [http-nio-8080-exec-5] o.s.w.s.m.m.a.HttpEntityMethodProcessor : Using 'application/json', given [application/json, text/plain, */*] and supported [*/*]
2026-02-22 07:56:36.876 DEBUG [http-nio-8080-exec-6] o.s.web.servlet.DispatcherServlet : Completed 200 OK
2026-02-22 07:56:36.876 DEBUG [http-nio-8080-exec-5] o.s.web.servlet.DispatcherServlet : Completed 200 OK
2026-02-22 07:56:36.876 INFO  [http-nio-8080-exec-6] c.d.p.c.RequestResponseLoggingFilter : REQUEST: method=GET, uri=/api/dsr, headers={sec-fetch-mode=cors, referer=http://localhost:5173/, sec-fetch-site=same-site, accept-language=en-GB,en-US;q=0.9,en;q=0.8, cookie=JSESSIONID=598215FA1BEAB7A7EB63EA5492D460EA, origin=http://localhost:5173, dnt=1, accept=application/json, text/plain, */*, authorization=Bearer 093d4222-f418-4b86-9298-4a92bcc8dd02, sec-ch-ua="Chromium";v="142", "Google Chrome";v="142", "Not_A Brand";v="99", sec-ch-ua-mobile=?0, sec-ch-ua-platform="Linux", host=localhost:8080, connection=keep-alive, accept-encoding=gzip, deflate, br, zstd, user-agent=Mozilla/5.0 (X11; Linux x86_64) AppleWebKit/537.36 (KHTML, like Gecko) Chrome/142.0.0.0 Safari/537.36, sec-fetch-dest=empty}, payload=
2026-02-22 07:56:36.877 INFO  [http-nio-8080-exec-6] c.d.p.c.RequestResponseLoggingFilter : RESPONSE: status=200, payload=, time_ms=5
2026-02-22 07:56:36.877 INFO  [http-nio-8080-exec-5] c.d.p.c.RequestResponseLoggingFilter : REQUEST: method=GET, uri=/api/dsr, headers={sec-fetch-mode=cors, referer=http://localhost:5173/, sec-fetch-site=same-site, accept-language=en-GB,en-US;q=0.9,en;q=0.8, cookie=JSESSIONID=598215FA1BEAB7A7EB63EA5492D460EA, origin=http://localhost:5173, dnt=1, accept=application/json, text/plain, */*, authorization=Bearer 093d4222-f418-4b86-9298-4a92bcc8dd02, sec-ch-ua="Chromium";v="142", "Google Chrome";v="142", "Not_A Brand";v="99", sec-ch-ua-mobile=?0, sec-ch-ua-platform="Linux", host=localhost:8080, connection=keep-alive, accept-encoding=gzip, deflate, br, zstd, user-agent=Mozilla/5.0 (X11; Linux x86_64) AppleWebKit/537.36 (KHTML, like Gecko) Chrome/142.0.0.0 Safari/537.36, sec-fetch-dest=empty}, payload=
2026-02-22 07:56:36.877 INFO  [http-nio-8080-exec-5] c.d.p.c.RequestResponseLoggingFilter : RESPONSE: status=200, payload=, time_ms=6
2026-02-22 07:56:37.074 DEBUG [http-nio-8080-exec-7] o.s.web.servlet.DispatcherServlet : GET "/api/dsr?date=2026-02-21&shift=Night", parameters={masked}
2026-02-22 07:56:37.074 DEBUG [http-nio-8080-exec-7] o.s.w.s.m.m.a.RequestMappingHandlerMapping : Mapped to com.deccan.petroconnect.controllers.DsrController#getDsrShift(String, String)
2026-02-22 07:56:37.078 DEBUG [http-nio-8080-exec-7] o.s.w.s.m.m.a.HttpEntityMethodProcessor : Using 'application/json', given [application/json, text/plain, */*] and supported [*/*]
2026-02-22 07:56:37.079 DEBUG [http-nio-8080-exec-7] o.s.web.servlet.DispatcherServlet : Completed 200 OK
2026-02-22 07:56:37.079 INFO  [http-nio-8080-exec-7] c.d.p.c.RequestResponseLoggingFilter : REQUEST: method=GET, uri=/api/dsr, headers={sec-fetch-mode=cors, referer=http://localhost:5173/, sec-fetch-site=same-site, accept-language=en-GB,en-US;q=0.9,en;q=0.8, cookie=JSESSIONID=598215FA1BEAB7A7EB63EA5492D460EA, origin=http://localhost:5173, dnt=1, accept=application/json, text/plain, */*, authorization=Bearer 093d4222-f418-4b86-9298-4a92bcc8dd02, sec-ch-ua="Chromium";v="142", "Google Chrome";v="142", "Not_A Brand";v="99", sec-ch-ua-mobile=?0, sec-ch-ua-platform="Linux", host=localhost:8080, connection=keep-alive, accept-encoding=gzip, deflate, br, zstd, user-agent=Mozilla/5.0 (X11; Linux x86_64) AppleWebKit/537.36 (KHTML, like Gecko) Chrome/142.0.0.0 Safari/537.36, sec-fetch-dest=empty}, payload=
2026-02-22 07:56:37.079 INFO  [http-nio-8080-exec-7] c.d.p.c.RequestResponseLoggingFilter : RESPONSE: status=200, payload=, time_ms=5
2026-02-22 07:56:37.491 DEBUG [http-nio-8080-exec-9] o.s.web.servlet.DispatcherServlet : GET "/api/dsr/analytics?startDate=2026-01-23&endDate=2026-02-22", parameters={masked}
2026-02-22 07:56:37.491 DEBUG [http-nio-8080-exec-9] o.s.w.s.m.m.a.RequestMappingHandlerMapping : Mapped to com.deccan.petroconnect.controllers.DsrController#getAnalytics(String, String)
2026-02-22 07:56:37.526 DEBUG [http-nio-8080-exec-9] o.s.w.s.m.m.a.HttpEntityMethodProcessor : Using 'application/json', given [application/json, text/plain, */*] and supported [application/json, application/*+json]
2026-02-22 07:56:37.526 DEBUG [http-nio-8080-exec-9] o.s.w.s.m.m.a.HttpEntityMethodProcessor : Writing [[org.springframework.data.jpa.repository.query.AbstractJpaQuery$TupleConverter$TupleBackedMap@79dad4 (truncated)...]
2026-02-22 07:56:37.537 DEBUG [http-nio-8080-exec-9] o.s.web.servlet.DispatcherServlet : Completed 200 OK
2026-02-22 07:56:37.537 INFO  [http-nio-8080-exec-9] c.d.p.c.RequestResponseLoggingFilter : REQUEST: method=GET, uri=/api/dsr/analytics, headers={sec-fetch-mode=cors, referer=http://localhost:5173/, sec-fetch-site=same-site, accept-language=en-GB,en-US;q=0.9,en;q=0.8, cookie=JSESSIONID=598215FA1BEAB7A7EB63EA5492D460EA, origin=http://localhost:5173, dnt=1, accept=application/json, text/plain, */*, authorization=Bearer 093d4222-f418-4b86-9298-4a92bcc8dd02, sec-ch-ua="Chromium";v="142", "Google Chrome";v="142", "Not_A Brand";v="99", sec-ch-ua-mobile=?0, sec-ch-ua-platform="Linux", host=localhost:8080, connection=keep-alive, accept-encoding=gzip, deflate, br, zstd, user-agent=Mozilla/5.0 (X11; Linux x86_64) AppleWebKit/537.36 (KHTML, like Gecko) Chrome/142.0.0.0 Safari/537.36, sec-fetch-dest=empty}, payload=
2026-02-22 07:56:37.537 INFO  [http-nio-8080-exec-9] c.d.p.c.RequestResponseLoggingFilter : RESPONSE: status=200, payload=[{"date":"2026-02-04","petrolVolume":598.8499999999767,"petrolAmount":62591.801999997566,"dieselVolume":1093.4300000000512,"dieselAmount":99545.86720000466,"totalRevenue":162137.66920000224},{"date":"2026-02-05","petrolVolume":650.7600000000093,"petrolAmount":68017.43520000097,"dieselVolume":748.0,"dieselAmount":68097.92000000001,"totalRevenue":136115.35520000098},{"date":"2026-02-06","petrolVolume":752.679999999993,"petrolAmount":78670.11359999925,"dieselVolume":498.2399999999907,"dieselAmount":45359.769599999156,"totalRevenue":124029.88319999841},{"date":"2026-02-07","petrolVolume":804.0,"petrolAmount":84034.08,"dieselVolume":1326.0299999999115,"dieselAmount":120721.77119999196,"totalRevenue":204755.85119999194},{"date":"2026-02-08","petrolVolume":582.5099999998929,"petrolAmount":60883.945199988804,"dieselVolume":670.1600000000326,"dieselAmount":61011.36640000297,"totalRevenue":121895.31159999178}], time_ms=46
2026-02-22 07:56:37.542 DEBUG [http-nio-8080-exec-8] o.s.web.servlet.DispatcherServlet : GET "/api/dsr/analytics?startDate=2026-01-23&endDate=2026-02-22", parameters={masked}
2026-02-22 07:56:37.542 DEBUG [http-nio-8080-exec-8] o.s.w.s.m.m.a.RequestMappingHandlerMapping : Mapped to com.deccan.petroconnect.controllers.DsrController#getAnalytics(String, String)
2026-02-22 07:56:37.547 DEBUG [http-nio-8080-exec-8] o.s.w.s.m.m.a.HttpEntityMethodProcessor : Using 'application/json', given [application/json, text/plain, */*] and supported [application/json, application/*+json]
2026-02-22 07:56:37.548 DEBUG [http-nio-8080-exec-8] o.s.w.s.m.m.a.HttpEntityMethodProcessor : Writing [[org.springframework.data.jpa.repository.query.AbstractJpaQuery$TupleConverter$TupleBackedMap@1dcd79 (truncated)...]
2026-02-22 07:56:37.550 DEBUG [http-nio-8080-exec-8] o.s.web.servlet.DispatcherServlet : Completed 200 OK
2026-02-22 07:56:37.550 INFO  [http-nio-8080-exec-8] c.d.p.c.RequestResponseLoggingFilter : REQUEST: method=GET, uri=/api/dsr/analytics, headers={sec-fetch-mode=cors, referer=http://localhost:5173/, sec-fetch-site=same-site, accept-language=en-GB,en-US;q=0.9,en;q=0.8, cookie=JSESSIONID=598215FA1BEAB7A7EB63EA5492D460EA, origin=http://localhost:5173, dnt=1, accept=application/json, text/plain, */*, authorization=Bearer 093d4222-f418-4b86-9298-4a92bcc8dd02, sec-ch-ua="Chromium";v="142", "Google Chrome";v="142", "Not_A Brand";v="99", sec-ch-ua-mobile=?0, sec-ch-ua-platform="Linux", host=localhost:8080, connection=keep-alive, accept-encoding=gzip, deflate, br, zstd, user-agent=Mozilla/5.0 (X11; Linux x86_64) AppleWebKit/537.36 (KHTML, like Gecko) Chrome/142.0.0.0 Safari/537.36, sec-fetch-dest=empty}, payload=
2026-02-22 07:56:37.550 INFO  [http-nio-8080-exec-8] c.d.p.c.RequestResponseLoggingFilter : RESPONSE: status=200, payload=[{"date":"2026-02-04","petrolVolume":598.8499999999767,"petrolAmount":62591.801999997566,"dieselVolume":1093.4300000000512,"dieselAmount":99545.86720000466,"totalRevenue":162137.66920000224},{"date":"2026-02-05","petrolVolume":650.7600000000093,"petrolAmount":68017.43520000097,"dieselVolume":748.0,"dieselAmount":68097.92000000001,"totalRevenue":136115.35520000098},{"date":"2026-02-06","petrolVolume":752.679999999993,"petrolAmount":78670.11359999925,"dieselVolume":498.2399999999907,"dieselAmount":45359.769599999156,"totalRevenue":124029.88319999841},{"date":"2026-02-07","petrolVolume":804.0,"petrolAmount":84034.08,"dieselVolume":1326.0299999999115,"dieselAmount":120721.77119999196,"totalRevenue":204755.85119999194},{"date":"2026-02-08","petrolVolume":582.5099999998929,"petrolAmount":60883.945199988804,"dieselVolume":670.1600000000326,"dieselAmount":61011.36640000297,"totalRevenue":121895.31159999178}], time_ms=8
2026-02-22 07:56:37.967 DEBUG [http-nio-8080-exec-10] o.s.web.servlet.DispatcherServlet : GET "/api/dsr/consolidated?month=2&year=2026", parameters={masked}
2026-02-22 07:56:37.967 DEBUG [http-nio-8080-exec-10] o.s.w.s.m.m.a.RequestMappingHandlerMapping : Mapped to com.deccan.petroconnect.controllers.DsrController#getConsolidatedReport(int, int)
2026-02-22 07:56:37.977 DEBUG [http-nio-8080-exec-10] o.s.w.s.m.m.a.HttpEntityMethodProcessor : Using 'application/json', given [application/json, text/plain, */*] and supported [application/json, application/*+json]
2026-02-22 07:56:37.977 DEBUG [http-nio-8080-exec-10] o.s.w.s.m.m.a.HttpEntityMethodProcessor : Writing [[{date=2026-02-04, totalAmount=162137.66920000224, dieselAmount=99545.86720000468, petrolRate=104.52 (truncated)...]
2026-02-22 07:56:37.978 DEBUG [http-nio-8080-exec-10] o.s.web.servlet.DispatcherServlet : Completed 200 OK
2026-02-22 07:56:37.979 INFO  [http-nio-8080-exec-10] c.d.p.c.RequestResponseLoggingFilter : REQUEST: method=GET, uri=/api/dsr/consolidated, headers={sec-fetch-mode=cors, referer=http://localhost:5173/, sec-fetch-site=same-site, accept-language=en-GB,en-US;q=0.9,en;q=0.8, cookie=JSESSIONID=598215FA1BEAB7A7EB63EA5492D460EA, origin=http://localhost:5173, dnt=1, accept=application/json, text/plain, */*, authorization=Bearer 093d4222-f418-4b86-9298-4a92bcc8dd02, sec-ch-ua="Chromium";v="142", "Google Chrome";v="142", "Not_A Brand";v="99", sec-ch-ua-mobile=?0, sec-ch-ua-platform="Linux", host=localhost:8080, connection=keep-alive, accept-encoding=gzip, deflate, br, zstd, user-agent=Mozilla/5.0 (X11; Linux x86_64) AppleWebKit/537.36 (KHTML, like Gecko) Chrome/142.0.0.0 Safari/537.36, sec-fetch-dest=empty}, payload=
2026-02-22 07:56:37.979 INFO  [http-nio-8080-exec-10] c.d.p.c.RequestResponseLoggingFilter : RESPONSE: status=200, payload=[{"date":"2026-02-04","totalAmount":162137.66920000224,"dieselAmount":99545.86720000468,"petrolRate":104.52,"dieselVolume":1093.4300000000512,"petrolVolume":598.8499999999767,"dieselRate":91.04000000000002,"petrolAmount":62591.801999997566},{"date":"2026-02-05","totalAmount":136115.35520000098,"dieselAmount":68097.92,"petrolRate":104.52,"dieselVolume":748.0,"petrolVolume":650.7600000000093,"dieselRate":91.03999999999999,"petrolAmount":68017.43520000097},{"date":"2026-02-06","totalAmount":124029.88319999841,"dieselAmount":45359.769599999156,"petrolRate":104.51999999999998,"dieselVolume":498.2399999999907,"petrolVolume":752.679999999993,"dieselRate":91.04,"petrolAmount":78670.11359999925},{"date":"2026-02-07","totalAmount":204755.85119999194,"dieselAmount":120721.77119999196,"petrolRate":104.52,"dieselVolume":1326.0299999999115,"petrolVolume":804.0,"dieselRate":91.04,"petrolAmount":84034.08},{"date":"2026-02-08","totalAmount":121895.31159999178,"dieselAmount":61011.36640000297,"petrolRate":104.52,"dieselVolume":670.1600000000326,"petrolVolume":582.5099999998929,"dieselRate":91.04,"petrolAmount":60883.945199988804}], time_ms=11
2026-02-22 07:56:37.984 DEBUG [http-nio-8080-exec-1] o.s.web.servlet.DispatcherServlet : GET "/api/dsr/consolidated?month=2&year=2026", parameters={masked}
2026-02-22 07:56:37.984 DEBUG [http-nio-8080-exec-1] o.s.w.s.m.m.a.RequestMappingHandlerMapping : Mapped to com.deccan.petroconnect.controllers.DsrController#getConsolidatedReport(int, int)
2026-02-22 07:56:37.994 DEBUG [http-nio-8080-exec-1] o.s.w.s.m.m.a.HttpEntityMethodProcessor : Using 'application/json', given [application/json, text/plain, */*] and supported [application/json, application/*+json]
2026-02-22 07:56:37.995 DEBUG [http-nio-8080-exec-1] o.s.w.s.m.m.a.HttpEntityMethodProcessor : Writing [[{date=2026-02-04, totalAmount=162137.66920000224, dieselAmount=99545.86720000468, petrolRate=104.52 (truncated)...]
2026-02-22 07:56:37.996 DEBUG [http-nio-8080-exec-1] o.s.web.servlet.DispatcherServlet : Completed 200 OK
2026-02-22 07:56:37.997 INFO  [http-nio-8080-exec-1] c.d.p.c.RequestResponseLoggingFilter : REQUEST: method=GET, uri=/api/dsr/consolidated, headers={sec-fetch-mode=cors, referer=http://localhost:5173/, sec-fetch-site=same-site, accept-language=en-GB,en-US;q=0.9,en;q=0.8, cookie=JSESSIONID=598215FA1BEAB7A7EB63EA5492D460EA, origin=http://localhost:5173, dnt=1, accept=application/json, text/plain, */*, authorization=Bearer 093d4222-f418-4b86-9298-4a92bcc8dd02, sec-ch-ua="Chromium";v="142", "Google Chrome";v="142", "Not_A Brand";v="99", sec-ch-ua-mobile=?0, sec-ch-ua-platform="Linux", host=localhost:8080, connection=keep-alive, accept-encoding=gzip, deflate, br, zstd, user-agent=Mozilla/5.0 (X11; Linux x86_64) AppleWebKit/537.36 (KHTML, like Gecko) Chrome/142.0.0.0 Safari/537.36, sec-fetch-dest=empty}, payload=
2026-02-22 07:56:37.997 INFO  [http-nio-8080-exec-1] c.d.p.c.RequestResponseLoggingFilter : RESPONSE: status=200, payload=[{"date":"2026-02-04","totalAmount":162137.66920000224,"dieselAmount":99545.86720000468,"petrolRate":104.52,"dieselVolume":1093.4300000000512,"petrolVolume":598.8499999999767,"dieselRate":91.04000000000002,"petrolAmount":62591.801999997566},{"date":"2026-02-05","totalAmount":136115.35520000098,"dieselAmount":68097.92,"petrolRate":104.52,"dieselVolume":748.0,"petrolVolume":650.7600000000093,"dieselRate":91.03999999999999,"petrolAmount":68017.43520000097},{"date":"2026-02-06","totalAmount":124029.88319999841,"dieselAmount":45359.769599999156,"petrolRate":104.51999999999998,"dieselVolume":498.2399999999907,"petrolVolume":752.679999999993,"dieselRate":91.04,"petrolAmount":78670.11359999925},{"date":"2026-02-07","totalAmount":204755.85119999194,"dieselAmount":120721.77119999196,"petrolRate":104.52,"dieselVolume":1326.0299999999115,"petrolVolume":804.0,"dieselRate":91.04,"petrolAmount":84034.08},{"date":"2026-02-08","totalAmount":121895.31159999178,"dieselAmount":61011.36640000297,"petrolRate":104.52,"dieselVolume":670.1600000000326,"petrolVolume":582.5099999998929,"dieselRate":91.04,"petrolAmount":60883.945199988804}], time_ms=12
2026-02-22 07:56:38.678 DEBUG [http-nio-8080-exec-2] o.s.web.servlet.DispatcherServlet : GET "/api/station/config?username=demo", parameters={masked}
2026-02-22 07:56:38.678 DEBUG [http-nio-8080-exec-2] o.s.w.s.m.m.a.RequestMappingHandlerMapping : Mapped to com.deccan.petroconnect.controllers.PetrolStationController#getStationConfig(String)
2026-02-22 07:56:38.683 DEBUG [http-nio-8080-exec-2] o.s.w.s.m.m.a.HttpEntityMethodProcessor : Using 'application/json', given [application/json, text/plain, */*] and supported [application/json, application/*+json]
2026-02-22 07:56:38.683 DEBUG [http-nio-8080-exec-2] o.s.w.s.m.m.a.HttpEntityMethodProcessor : Writing [PetrolStation(id=1, stationName=OmSaiSiddhi, stationCode=demo, dealerName=demo, contactNumber=demo,  (truncated)...]
2026-02-22 07:56:38.683 DEBUG [http-nio-8080-exec-2] o.s.web.servlet.DispatcherServlet : Completed 200 OK
2026-02-22 07:56:38.684 INFO  [http-nio-8080-exec-2] c.d.p.c.RequestResponseLoggingFilter : REQUEST: method=GET, uri=/api/station/config, headers={sec-fetch-mode=cors, referer=http://localhost:5173/, sec-fetch-site=same-site, accept-language=en-GB,en-US;q=0.9,en;q=0.8, cookie=JSESSIONID=598215FA1BEAB7A7EB63EA5492D460EA, origin=http://localhost:5173, dnt=1, accept=application/json, text/plain, */*, authorization=Bearer 093d4222-f418-4b86-9298-4a92bcc8dd02, sec-ch-ua="Chromium";v="142", "Google Chrome";v="142", "Not_A Brand";v="99", sec-ch-ua-mobile=?0, sec-ch-ua-platform="Linux", host=localhost:8080, connection=keep-alive, accept-encoding=gzip, deflate, br, zstd, user-agent=Mozilla/5.0 (X11; Linux x86_64) AppleWebKit/537.36 (KHTML, like Gecko) Chrome/142.0.0.0 Safari/537.36, sec-fetch-dest=empty}, payload=
2026-02-22 07:56:38.684 INFO  [http-nio-8080-exec-2] c.d.p.c.RequestResponseLoggingFilter : RESPONSE: status=200, payload={"id":1,"stationName":"OmSaiSiddhi","stationCode":"demo","dealerName":"demo","contactNumber":"demo","email":"demo@gmail.com","address":"demo","createdAt":"2026-02-04","configuration":"{\"shifts\": [\"Day\", \"Night\"], \"stationName\": \"OmSaiSiddhi\", \"isConfigured\": true, \"dispensingUnits\": [{\"id\": 1, \"name\": \"DU 1\", \"nozzles\": [{\"id\": \"A1\", \"productType\": \"Petrol\"}, {\"id\": \"A2\", \"productType\": \"Petrol\"}]}, {\"id\": 2, \"name\": \"DU 2\", \"nozzles\": [{\"id\": \"V1\", \"productType\": \"Diesel\"}, {\"id\": \"V2\", \"productType\": \"Diesel\"}]}]}"}, time_ms=5
2026-02-22 07:56:38.687 DEBUG [http-nio-8080-exec-4] o.s.web.servlet.DispatcherServlet : GET "/api/station/config?username=demo", parameters={masked}
2026-02-22 07:56:38.687 DEBUG [http-nio-8080-exec-4] o.s.w.s.m.m.a.RequestMappingHandlerMapping : Mapped to com.deccan.petroconnect.controllers.PetrolStationController#getStationConfig(String)
2026-02-22 07:56:38.698 DEBUG [http-nio-8080-exec-4] o.s.w.s.m.m.a.HttpEntityMethodProcessor : Using 'application/json', given [application/json, text/plain, */*] and supported [application/json, application/*+json]
2026-02-22 07:56:38.698 DEBUG [http-nio-8080-exec-4] o.s.w.s.m.m.a.HttpEntityMethodProcessor : Writing [PetrolStation(id=1, stationName=OmSaiSiddhi, stationCode=demo, dealerName=demo, contactNumber=demo,  (truncated)...]
2026-02-22 07:56:38.699 DEBUG [http-nio-8080-exec-4] o.s.web.servlet.DispatcherServlet : Completed 200 OK
2026-02-22 07:56:38.699 INFO  [http-nio-8080-exec-4] c.d.p.c.RequestResponseLoggingFilter : REQUEST: method=GET, uri=/api/station/config, headers={sec-fetch-mode=cors, referer=http://localhost:5173/, sec-fetch-site=same-site, accept-language=en-GB,en-US;q=0.9,en;q=0.8, cookie=JSESSIONID=598215FA1BEAB7A7EB63EA5492D460EA, origin=http://localhost:5173, dnt=1, accept=application/json, text/plain, */*, authorization=Bearer 093d4222-f418-4b86-9298-4a92bcc8dd02, sec-ch-ua="Chromium";v="142", "Google Chrome";v="142", "Not_A Brand";v="99", sec-ch-ua-mobile=?0, sec-ch-ua-platform="Linux", host=localhost:8080, connection=keep-alive, accept-encoding=gzip, deflate, br, zstd, user-agent=Mozilla/5.0 (X11; Linux x86_64) AppleWebKit/537.36 (KHTML, like Gecko) Chrome/142.0.0.0 Safari/537.36, sec-fetch-dest=empty}, payload=
2026-02-22 07:56:38.699 INFO  [http-nio-8080-exec-4] c.d.p.c.RequestResponseLoggingFilter : RESPONSE: status=200, payload={"id":1,"stationName":"OmSaiSiddhi","stationCode":"demo","dealerName":"demo","contactNumber":"demo","email":"demo@gmail.com","address":"demo","createdAt":"2026-02-04","configuration":"{\"shifts\": [\"Day\", \"Night\"], \"stationName\": \"OmSaiSiddhi\", \"isConfigured\": true, \"dispensingUnits\": [{\"id\": 1, \"name\": \"DU 1\", \"nozzles\": [{\"id\": \"A1\", \"productType\": \"Petrol\"}, {\"id\": \"A2\", \"productType\": \"Petrol\"}]}, {\"id\": 2, \"name\": \"DU 2\", \"nozzles\": [{\"id\": \"V1\", \"productType\": \"Diesel\"}, {\"id\": \"V2\", \"productType\": \"Diesel\"}]}]}"}, time_ms=12
2026-02-22 07:56:39.377 DEBUG [http-nio-8080-exec-3] o.s.web.servlet.DispatcherServlet : GET "/api/dsr/analytics?startDate=2026-01-23&endDate=2026-02-22", parameters={masked}
2026-02-22 07:56:39.378 DEBUG [http-nio-8080-exec-3] o.s.w.s.m.m.a.RequestMappingHandlerMapping : Mapped to com.deccan.petroconnect.controllers.DsrController#getAnalytics(String, String)
2026-02-22 07:56:39.381 DEBUG [http-nio-8080-exec-3] o.s.w.s.m.m.a.HttpEntityMethodProcessor : Using 'application/json', given [application/json, text/plain, */*] and supported [application/json, application/*+json]
2026-02-22 07:56:39.382 DEBUG [http-nio-8080-exec-3] o.s.w.s.m.m.a.HttpEntityMethodProcessor : Writing [[org.springframework.data.jpa.repository.query.AbstractJpaQuery$TupleConverter$TupleBackedMap@518a5f (truncated)...]
2026-02-22 07:56:39.383 DEBUG [http-nio-8080-exec-3] o.s.web.servlet.DispatcherServlet : Completed 200 OK
2026-02-22 07:56:39.384 INFO  [http-nio-8080-exec-3] c.d.p.c.RequestResponseLoggingFilter : REQUEST: method=GET, uri=/api/dsr/analytics, headers={sec-fetch-mode=cors, referer=http://localhost:5173/, sec-fetch-site=same-site, accept-language=en-GB,en-US;q=0.9,en;q=0.8, cookie=JSESSIONID=598215FA1BEAB7A7EB63EA5492D460EA, origin=http://localhost:5173, dnt=1, accept=application/json, text/plain, */*, authorization=Bearer 093d4222-f418-4b86-9298-4a92bcc8dd02, sec-ch-ua="Chromium";v="142", "Google Chrome";v="142", "Not_A Brand";v="99", sec-ch-ua-mobile=?0, sec-ch-ua-platform="Linux", host=localhost:8080, connection=keep-alive, accept-encoding=gzip, deflate, br, zstd, user-agent=Mozilla/5.0 (X11; Linux x86_64) AppleWebKit/537.36 (KHTML, like Gecko) Chrome/142.0.0.0 Safari/537.36, sec-fetch-dest=empty}, payload=
2026-02-22 07:56:39.384 INFO  [http-nio-8080-exec-3] c.d.p.c.RequestResponseLoggingFilter : RESPONSE: status=200, payload=[{"date":"2026-02-04","petrolVolume":598.8499999999767,"petrolAmount":62591.801999997566,"dieselVolume":1093.4300000000512,"dieselAmount":99545.86720000466,"totalRevenue":162137.66920000224},{"date":"2026-02-05","petrolVolume":650.7600000000093,"petrolAmount":68017.43520000097,"dieselVolume":748.0,"dieselAmount":68097.92000000001,"totalRevenue":136115.35520000098},{"date":"2026-02-06","petrolVolume":752.679999999993,"petrolAmount":78670.11359999925,"dieselVolume":498.2399999999907,"dieselAmount":45359.769599999156,"totalRevenue":124029.88319999841},{"date":"2026-02-07","petrolVolume":804.0,"petrolAmount":84034.08,"dieselVolume":1326.0299999999115,"dieselAmount":120721.77119999196,"totalRevenue":204755.85119999194},{"date":"2026-02-08","petrolVolume":582.5099999998929,"petrolAmount":60883.945199988804,"dieselVolume":670.1600000000326,"dieselAmount":61011.36640000297,"totalRevenue":121895.31159999178}], time_ms=7
2026-02-22 07:56:39.387 DEBUG [http-nio-8080-exec-6] o.s.web.servlet.DispatcherServlet : GET "/api/dsr/analytics?startDate=2026-01-23&endDate=2026-02-22", parameters={masked}
2026-02-22 07:56:39.387 DEBUG [http-nio-8080-exec-6] o.s.w.s.m.m.a.RequestMappingHandlerMapping : Mapped to com.deccan.petroconnect.controllers.DsrController#getAnalytics(String, String)
2026-02-22 07:56:39.395 DEBUG [http-nio-8080-exec-6] o.s.w.s.m.m.a.HttpEntityMethodProcessor : Using 'application/json', given [application/json, text/plain, */*] and supported [application/json, application/*+json]
2026-02-22 07:56:39.396 DEBUG [http-nio-8080-exec-6] o.s.w.s.m.m.a.HttpEntityMethodProcessor : Writing [[org.springframework.data.jpa.repository.query.AbstractJpaQuery$TupleConverter$TupleBackedMap@24c71f (truncated)...]
2026-02-22 07:56:39.397 DEBUG [http-nio-8080-exec-6] o.s.web.servlet.DispatcherServlet : Completed 200 OK
2026-02-22 07:56:39.397 INFO  [http-nio-8080-exec-6] c.d.p.c.RequestResponseLoggingFilter : REQUEST: method=GET, uri=/api/dsr/analytics, headers={sec-fetch-mode=cors, referer=http://localhost:5173/, sec-fetch-site=same-site, accept-language=en-GB,en-US;q=0.9,en;q=0.8, cookie=JSESSIONID=598215FA1BEAB7A7EB63EA5492D460EA, origin=http://localhost:5173, dnt=1, accept=application/json, text/plain, */*, authorization=Bearer 093d4222-f418-4b86-9298-4a92bcc8dd02, sec-ch-ua="Chromium";v="142", "Google Chrome";v="142", "Not_A Brand";v="99", sec-ch-ua-mobile=?0, sec-ch-ua-platform="Linux", host=localhost:8080, connection=keep-alive, accept-encoding=gzip, deflate, br, zstd, user-agent=Mozilla/5.0 (X11; Linux x86_64) AppleWebKit/537.36 (KHTML, like Gecko) Chrome/142.0.0.0 Safari/537.36, sec-fetch-dest=empty}, payload=
2026-02-22 07:56:39.398 INFO  [http-nio-8080-exec-6] c.d.p.c.RequestResponseLoggingFilter : RESPONSE: status=200, payload=[{"date":"2026-02-04","petrolVolume":598.8499999999767,"petrolAmount":62591.801999997566,"dieselVolume":1093.4300000000512,"dieselAmount":99545.86720000466,"totalRevenue":162137.66920000224},{"date":"2026-02-05","petrolVolume":650.7600000000093,"petrolAmount":68017.43520000097,"dieselVolume":748.0,"dieselAmount":68097.92000000001,"totalRevenue":136115.35520000098},{"date":"2026-02-06","petrolVolume":752.679999999993,"petrolAmount":78670.11359999925,"dieselVolume":498.2399999999907,"dieselAmount":45359.769599999156,"totalRevenue":124029.88319999841},{"date":"2026-02-07","petrolVolume":804.0,"petrolAmount":84034.08,"dieselVolume":1326.0299999999115,"dieselAmount":120721.77119999196,"totalRevenue":204755.85119999194},{"date":"2026-02-08","petrolVolume":582.5099999998929,"petrolAmount":60883.945199988804,"dieselVolume":670.1600000000326,"dieselAmount":61011.36640000297,"totalRevenue":121895.31159999178}], time_ms=10
2026-02-22 07:56:40.219 DEBUG [http-nio-8080-exec-5] o.s.web.servlet.DispatcherServlet : GET "/api/dsr/consolidated?month=2&year=2026", parameters={masked}
2026-02-22 07:56:40.220 DEBUG [http-nio-8080-exec-5] o.s.w.s.m.m.a.RequestMappingHandlerMapping : Mapped to com.deccan.petroconnect.controllers.DsrController#getConsolidatedReport(int, int)
2026-02-22 07:56:40.229 DEBUG [http-nio-8080-exec-5] o.s.w.s.m.m.a.HttpEntityMethodProcessor : Using 'application/json', given [application/json, text/plain, */*] and supported [application/json, application/*+json]
2026-02-22 07:56:40.229 DEBUG [http-nio-8080-exec-5] o.s.w.s.m.m.a.HttpEntityMethodProcessor : Writing [[{date=2026-02-04, totalAmount=162137.66920000224, dieselAmount=99545.86720000468, petrolRate=104.52 (truncated)...]
2026-02-22 07:56:40.230 DEBUG [http-nio-8080-exec-5] o.s.web.servlet.DispatcherServlet : Completed 200 OK
2026-02-22 07:56:40.230 INFO  [http-nio-8080-exec-5] c.d.p.c.RequestResponseLoggingFilter : REQUEST: method=GET, uri=/api/dsr/consolidated, headers={sec-fetch-mode=cors, referer=http://localhost:5173/, sec-fetch-site=same-site, accept-language=en-GB,en-US;q=0.9,en;q=0.8, cookie=JSESSIONID=598215FA1BEAB7A7EB63EA5492D460EA, origin=http://localhost:5173, dnt=1, accept=application/json, text/plain, */*, authorization=Bearer 093d4222-f418-4b86-9298-4a92bcc8dd02, sec-ch-ua="Chromium";v="142", "Google Chrome";v="142", "Not_A Brand";v="99", sec-ch-ua-mobile=?0, sec-ch-ua-platform="Linux", host=localhost:8080, connection=keep-alive, accept-encoding=gzip, deflate, br, zstd, user-agent=Mozilla/5.0 (X11; Linux x86_64) AppleWebKit/537.36 (KHTML, like Gecko) Chrome/142.0.0.0 Safari/537.36, sec-fetch-dest=empty}, payload=
2026-02-22 07:56:40.230 INFO  [http-nio-8080-exec-5] c.d.p.c.RequestResponseLoggingFilter : RESPONSE: status=200, payload=[{"date":"2026-02-04","totalAmount":162137.66920000224,"dieselAmount":99545.86720000468,"petrolRate":104.52,"dieselVolume":1093.4300000000512,"petrolVolume":598.8499999999767,"dieselRate":91.04000000000002,"petrolAmount":62591.801999997566},{"date":"2026-02-05","totalAmount":136115.35520000098,"dieselAmount":68097.92,"petrolRate":104.52,"dieselVolume":748.0,"petrolVolume":650.7600000000093,"dieselRate":91.03999999999999,"petrolAmount":68017.43520000097},{"date":"2026-02-06","totalAmount":124029.88319999841,"dieselAmount":45359.769599999156,"petrolRate":104.51999999999998,"dieselVolume":498.2399999999907,"petrolVolume":752.679999999993,"dieselRate":91.04,"petrolAmount":78670.11359999925},{"date":"2026-02-07","totalAmount":204755.85119999194,"dieselAmount":120721.77119999196,"petrolRate":104.52,"dieselVolume":1326.0299999999115,"petrolVolume":804.0,"dieselRate":91.04,"petrolAmount":84034.08},{"date":"2026-02-08","totalAmount":121895.31159999178,"dieselAmount":61011.36640000297,"petrolRate":104.52,"dieselVolume":670.1600000000326,"petrolVolume":582.5099999998929,"dieselRate":91.04,"petrolAmount":60883.945199988804}], time_ms=11
2026-02-22 07:56:40.235 DEBUG [http-nio-8080-exec-7] o.s.web.servlet.DispatcherServlet : GET "/api/dsr/consolidated?month=2&year=2026", parameters={masked}
2026-02-22 07:56:40.236 DEBUG [http-nio-8080-exec-7] o.s.w.s.m.m.a.RequestMappingHandlerMapping : Mapped to com.deccan.petroconnect.controllers.DsrController#getConsolidatedReport(int, int)
2026-02-22 07:56:40.245 DEBUG [http-nio-8080-exec-7] o.s.w.s.m.m.a.HttpEntityMethodProcessor : Using 'application/json', given [application/json, text/plain, */*] and supported [application/json, application/*+json]
2026-02-22 07:56:40.246 DEBUG [http-nio-8080-exec-7] o.s.w.s.m.m.a.HttpEntityMethodProcessor : Writing [[{date=2026-02-04, totalAmount=162137.66920000224, dieselAmount=99545.86720000468, petrolRate=104.52 (truncated)...]
2026-02-22 07:56:40.246 DEBUG [http-nio-8080-exec-7] o.s.web.servlet.DispatcherServlet : Completed 200 OK
2026-02-22 07:56:40.247 INFO  [http-nio-8080-exec-7] c.d.p.c.RequestResponseLoggingFilter : REQUEST: method=GET, uri=/api/dsr/consolidated, headers={sec-fetch-mode=cors, referer=http://localhost:5173/, sec-fetch-site=same-site, accept-language=en-GB,en-US;q=0.9,en;q=0.8, cookie=JSESSIONID=598215FA1BEAB7A7EB63EA5492D460EA, origin=http://localhost:5173, dnt=1, accept=application/json, text/plain, */*, authorization=Bearer 093d4222-f418-4b86-9298-4a92bcc8dd02, sec-ch-ua="Chromium";v="142", "Google Chrome";v="142", "Not_A Brand";v="99", sec-ch-ua-mobile=?0, sec-ch-ua-platform="Linux", host=localhost:8080, connection=keep-alive, accept-encoding=gzip, deflate, br, zstd, user-agent=Mozilla/5.0 (X11; Linux x86_64) AppleWebKit/537.36 (KHTML, like Gecko) Chrome/142.0.0.0 Safari/537.36, sec-fetch-dest=empty}, payload=
2026-02-22 07:56:40.247 INFO  [http-nio-8080-exec-7] c.d.p.c.RequestResponseLoggingFilter : RESPONSE: status=200, payload=[{"date":"2026-02-04","totalAmount":162137.66920000224,"dieselAmount":99545.86720000468,"petrolRate":104.52,"dieselVolume":1093.4300000000512,"petrolVolume":598.8499999999767,"dieselRate":91.04000000000002,"petrolAmount":62591.801999997566},{"date":"2026-02-05","totalAmount":136115.35520000098,"dieselAmount":68097.92,"petrolRate":104.52,"dieselVolume":748.0,"petrolVolume":650.7600000000093,"dieselRate":91.03999999999999,"petrolAmount":68017.43520000097},{"date":"2026-02-06","totalAmount":124029.88319999841,"dieselAmount":45359.769599999156,"petrolRate":104.51999999999998,"dieselVolume":498.2399999999907,"petrolVolume":752.679999999993,"dieselRate":91.04,"petrolAmount":78670.11359999925},{"date":"2026-02-07","totalAmount":204755.85119999194,"dieselAmount":120721.77119999196,"petrolRate":104.52,"dieselVolume":1326.0299999999115,"petrolVolume":804.0,"dieselRate":91.04,"petrolAmount":84034.08},{"date":"2026-02-08","totalAmount":121895.31159999178,"dieselAmount":61011.36640000297,"petrolRate":104.52,"dieselVolume":670.1600000000326,"petrolVolume":582.5099999998929,"dieselRate":91.04,"petrolAmount":60883.945199988804}], time_ms=12
2026-02-22 07:56:41.855 DEBUG [http-nio-8080-exec-9] o.s.web.servlet.DispatcherServlet : GET "/api/dsr/analytics?startDate=2026-01-23&endDate=2026-02-22", parameters={masked}
2026-02-22 07:56:41.855 DEBUG [http-nio-8080-exec-9] o.s.w.s.m.m.a.RequestMappingHandlerMapping : Mapped to com.deccan.petroconnect.controllers.DsrController#getAnalytics(String, String)
2026-02-22 07:56:41.860 DEBUG [http-nio-8080-exec-9] o.s.w.s.m.m.a.HttpEntityMethodProcessor : Using 'application/json', given [application/json, text/plain, */*] and supported [application/json, application/*+json]
2026-02-22 07:56:41.860 DEBUG [http-nio-8080-exec-9] o.s.w.s.m.m.a.HttpEntityMethodProcessor : Writing [[org.springframework.data.jpa.repository.query.AbstractJpaQuery$TupleConverter$TupleBackedMap@5d837b (truncated)...]
2026-02-22 07:56:41.862 DEBUG [http-nio-8080-exec-9] o.s.web.servlet.DispatcherServlet : Completed 200 OK
2026-02-22 07:56:41.862 INFO  [http-nio-8080-exec-9] c.d.p.c.RequestResponseLoggingFilter : REQUEST: method=GET, uri=/api/dsr/analytics, headers={sec-fetch-mode=cors, referer=http://localhost:5173/, sec-fetch-site=same-site, accept-language=en-GB,en-US;q=0.9,en;q=0.8, cookie=JSESSIONID=598215FA1BEAB7A7EB63EA5492D460EA, origin=http://localhost:5173, dnt=1, accept=application/json, text/plain, */*, authorization=Bearer 093d4222-f418-4b86-9298-4a92bcc8dd02, sec-ch-ua="Chromium";v="142", "Google Chrome";v="142", "Not_A Brand";v="99", sec-ch-ua-mobile=?0, sec-ch-ua-platform="Linux", host=localhost:8080, connection=keep-alive, accept-encoding=gzip, deflate, br, zstd, user-agent=Mozilla/5.0 (X11; Linux x86_64) AppleWebKit/537.36 (KHTML, like Gecko) Chrome/142.0.0.0 Safari/537.36, sec-fetch-dest=empty}, payload=
2026-02-22 07:56:41.862 INFO  [http-nio-8080-exec-9] c.d.p.c.RequestResponseLoggingFilter : RESPONSE: status=200, payload=[{"date":"2026-02-04","petrolVolume":598.8499999999767,"petrolAmount":62591.801999997566,"dieselVolume":1093.4300000000512,"dieselAmount":99545.86720000466,"totalRevenue":162137.66920000224},{"date":"2026-02-05","petrolVolume":650.7600000000093,"petrolAmount":68017.43520000097,"dieselVolume":748.0,"dieselAmount":68097.92000000001,"totalRevenue":136115.35520000098},{"date":"2026-02-06","petrolVolume":752.679999999993,"petrolAmount":78670.11359999925,"dieselVolume":498.2399999999907,"dieselAmount":45359.769599999156,"totalRevenue":124029.88319999841},{"date":"2026-02-07","petrolVolume":804.0,"petrolAmount":84034.08,"dieselVolume":1326.0299999999115,"dieselAmount":120721.77119999196,"totalRevenue":204755.85119999194},{"date":"2026-02-08","petrolVolume":582.5099999998929,"petrolAmount":60883.945199988804,"dieselVolume":670.1600000000326,"dieselAmount":61011.36640000297,"totalRevenue":121895.31159999178}], time_ms=8
2026-02-22 07:56:41.868 DEBUG [http-nio-8080-exec-8] o.s.web.servlet.DispatcherServlet : GET "/api/dsr/analytics?startDate=2026-01-23&endDate=2026-02-22", parameters={masked}
2026-02-22 07:56:41.869 DEBUG [http-nio-8080-exec-8] o.s.w.s.m.m.a.RequestMappingHandlerMapping : Mapped to com.deccan.petroconnect.controllers.DsrController#getAnalytics(String, String)
2026-02-22 07:56:41.874 DEBUG [http-nio-8080-exec-8] o.s.w.s.m.m.a.HttpEntityMethodProcessor : Using 'application/json', given [application/json, text/plain, */*] and supported [application/json, application/*+json]
2026-02-22 07:56:41.874 DEBUG [http-nio-8080-exec-8] o.s.w.s.m.m.a.HttpEntityMethodProcessor : Writing [[org.springframework.data.jpa.repository.query.AbstractJpaQuery$TupleConverter$TupleBackedMap@3cb9c3 (truncated)...]
2026-02-22 07:56:41.876 DEBUG [http-nio-8080-exec-8] o.s.web.servlet.DispatcherServlet : Completed 200 OK
2026-02-22 07:56:41.876 INFO  [http-nio-8080-exec-8] c.d.p.c.RequestResponseLoggingFilter : REQUEST: method=GET, uri=/api/dsr/analytics, headers={sec-fetch-mode=cors, referer=http://localhost:5173/, sec-fetch-site=same-site, accept-language=en-GB,en-US;q=0.9,en;q=0.8, cookie=JSESSIONID=598215FA1BEAB7A7EB63EA5492D460EA, origin=http://localhost:5173, dnt=1, accept=application/json, text/plain, */*, authorization=Bearer 093d4222-f418-4b86-9298-4a92bcc8dd02, sec-ch-ua="Chromium";v="142", "Google Chrome";v="142", "Not_A Brand";v="99", sec-ch-ua-mobile=?0, sec-ch-ua-platform="Linux", host=localhost:8080, connection=keep-alive, accept-encoding=gzip, deflate, br, zstd, user-agent=Mozilla/5.0 (X11; Linux x86_64) AppleWebKit/537.36 (KHTML, like Gecko) Chrome/142.0.0.0 Safari/537.36, sec-fetch-dest=empty}, payload=
2026-02-22 07:56:41.876 INFO  [http-nio-8080-exec-8] c.d.p.c.RequestResponseLoggingFilter : RESPONSE: status=200, payload=[{"date":"2026-02-04","petrolVolume":598.8499999999767,"petrolAmount":62591.801999997566,"dieselVolume":1093.4300000000512,"dieselAmount":99545.86720000466,"totalRevenue":162137.66920000224},{"date":"2026-02-05","petrolVolume":650.7600000000093,"petrolAmount":68017.43520000097,"dieselVolume":748.0,"dieselAmount":68097.92000000001,"totalRevenue":136115.35520000098},{"date":"2026-02-06","petrolVolume":752.679999999993,"petrolAmount":78670.11359999925,"dieselVolume":498.2399999999907,"dieselAmount":45359.769599999156,"totalRevenue":124029.88319999841},{"date":"2026-02-07","petrolVolume":804.0,"petrolAmount":84034.08,"dieselVolume":1326.0299999999115,"dieselAmount":120721.77119999196,"totalRevenue":204755.85119999194},{"date":"2026-02-08","petrolVolume":582.5099999998929,"petrolAmount":60883.945199988804,"dieselVolume":670.1600000000326,"dieselAmount":61011.36640000297,"totalRevenue":121895.31159999178}], time_ms=8
2026-02-22 07:56:42.428 DEBUG [http-nio-8080-exec-10] o.s.web.servlet.DispatcherServlet : GET "/api/dsr/consolidated?month=2&year=2026", parameters={masked}
2026-02-22 07:56:42.428 DEBUG [http-nio-8080-exec-10] o.s.w.s.m.m.a.RequestMappingHandlerMapping : Mapped to com.deccan.petroconnect.controllers.DsrController#getConsolidatedReport(int, int)
2026-02-22 07:56:42.436 DEBUG [http-nio-8080-exec-10] o.s.w.s.m.m.a.HttpEntityMethodProcessor : Using 'application/json', given [application/json, text/plain, */*] and supported [application/json, application/*+json]
2026-02-22 07:56:42.436 DEBUG [http-nio-8080-exec-10] o.s.w.s.m.m.a.HttpEntityMethodProcessor : Writing [[{date=2026-02-04, totalAmount=162137.66920000224, dieselAmount=99545.86720000468, petrolRate=104.52 (truncated)...]
2026-02-22 07:56:42.437 DEBUG [http-nio-8080-exec-10] o.s.web.servlet.DispatcherServlet : Completed 200 OK
2026-02-22 07:56:42.437 INFO  [http-nio-8080-exec-10] c.d.p.c.RequestResponseLoggingFilter : REQUEST: method=GET, uri=/api/dsr/consolidated, headers={sec-fetch-mode=cors, referer=http://localhost:5173/, sec-fetch-site=same-site, accept-language=en-GB,en-US;q=0.9,en;q=0.8, cookie=JSESSIONID=598215FA1BEAB7A7EB63EA5492D460EA, origin=http://localhost:5173, dnt=1, accept=application/json, text/plain, */*, authorization=Bearer 093d4222-f418-4b86-9298-4a92bcc8dd02, sec-ch-ua="Chromium";v="142", "Google Chrome";v="142", "Not_A Brand";v="99", sec-ch-ua-mobile=?0, sec-ch-ua-platform="Linux", host=localhost:8080, connection=keep-alive, accept-encoding=gzip, deflate, br, zstd, user-agent=Mozilla/5.0 (X11; Linux x86_64) AppleWebKit/537.36 (KHTML, like Gecko) Chrome/142.0.0.0 Safari/537.36, sec-fetch-dest=empty}, payload=
2026-02-22 07:56:42.437 INFO  [http-nio-8080-exec-10] c.d.p.c.RequestResponseLoggingFilter : RESPONSE: status=200, payload=[{"date":"2026-02-04","totalAmount":162137.66920000224,"dieselAmount":99545.86720000468,"petrolRate":104.52,"dieselVolume":1093.4300000000512,"petrolVolume":598.8499999999767,"dieselRate":91.04000000000002,"petrolAmount":62591.801999997566},{"date":"2026-02-05","totalAmount":136115.35520000098,"dieselAmount":68097.92,"petrolRate":104.52,"dieselVolume":748.0,"petrolVolume":650.7600000000093,"dieselRate":91.03999999999999,"petrolAmount":68017.43520000097},{"date":"2026-02-06","totalAmount":124029.88319999841,"dieselAmount":45359.769599999156,"petrolRate":104.51999999999998,"dieselVolume":498.2399999999907,"petrolVolume":752.679999999993,"dieselRate":91.04,"petrolAmount":78670.11359999925},{"date":"2026-02-07","totalAmount":204755.85119999194,"dieselAmount":120721.77119999196,"petrolRate":104.52,"dieselVolume":1326.0299999999115,"petrolVolume":804.0,"dieselRate":91.04,"petrolAmount":84034.08},{"date":"2026-02-08","totalAmount":121895.31159999178,"dieselAmount":61011.36640000297,"petrolRate":104.52,"dieselVolume":670.1600000000326,"petrolVolume":582.5099999998929,"dieselRate":91.04,"petrolAmount":60883.945199988804}], time_ms=9
2026-02-22 07:56:42.442 DEBUG [http-nio-8080-exec-1] o.s.web.servlet.DispatcherServlet : GET "/api/dsr/consolidated?month=2&year=2026", parameters={masked}
2026-02-22 07:56:42.442 DEBUG [http-nio-8080-exec-1] o.s.w.s.m.m.a.RequestMappingHandlerMapping : Mapped to com.deccan.petroconnect.controllers.DsrController#getConsolidatedReport(int, int)
2026-02-22 07:56:42.450 DEBUG [http-nio-8080-exec-1] o.s.w.s.m.m.a.HttpEntityMethodProcessor : Using 'application/json', given [application/json, text/plain, */*] and supported [application/json, application/*+json]
2026-02-22 07:56:42.450 DEBUG [http-nio-8080-exec-1] o.s.w.s.m.m.a.HttpEntityMethodProcessor : Writing [[{date=2026-02-04, totalAmount=162137.66920000224, dieselAmount=99545.86720000468, petrolRate=104.52 (truncated)...]
2026-02-22 07:56:42.451 DEBUG [http-nio-8080-exec-1] o.s.web.servlet.DispatcherServlet : Completed 200 OK
2026-02-22 07:56:42.451 INFO  [http-nio-8080-exec-1] c.d.p.c.RequestResponseLoggingFilter : REQUEST: method=GET, uri=/api/dsr/consolidated, headers={sec-fetch-mode=cors, referer=http://localhost:5173/, sec-fetch-site=same-site, accept-language=en-GB,en-US;q=0.9,en;q=0.8, cookie=JSESSIONID=598215FA1BEAB7A7EB63EA5492D460EA, origin=http://localhost:5173, dnt=1, accept=application/json, text/plain, */*, authorization=Bearer 093d4222-f418-4b86-9298-4a92bcc8dd02, sec-ch-ua="Chromium";v="142", "Google Chrome";v="142", "Not_A Brand";v="99", sec-ch-ua-mobile=?0, sec-ch-ua-platform="Linux", host=localhost:8080, connection=keep-alive, accept-encoding=gzip, deflate, br, zstd, user-agent=Mozilla/5.0 (X11; Linux x86_64) AppleWebKit/537.36 (KHTML, like Gecko) Chrome/142.0.0.0 Safari/537.36, sec-fetch-dest=empty}, payload=
2026-02-22 07:56:42.451 INFO  [http-nio-8080-exec-1] c.d.p.c.RequestResponseLoggingFilter : RESPONSE: status=200, payload=[{"date":"2026-02-04","totalAmount":162137.66920000224,"dieselAmount":99545.86720000468,"petrolRate":104.52,"dieselVolume":1093.4300000000512,"petrolVolume":598.8499999999767,"dieselRate":91.04000000000002,"petrolAmount":62591.801999997566},{"date":"2026-02-05","totalAmount":136115.35520000098,"dieselAmount":68097.92,"petrolRate":104.52,"dieselVolume":748.0,"petrolVolume":650.7600000000093,"dieselRate":91.03999999999999,"petrolAmount":68017.43520000097},{"date":"2026-02-06","totalAmount":124029.88319999841,"dieselAmount":45359.769599999156,"petrolRate":104.51999999999998,"dieselVolume":498.2399999999907,"petrolVolume":752.679999999993,"dieselRate":91.04,"petrolAmount":78670.11359999925},{"date":"2026-02-07","totalAmount":204755.85119999194,"dieselAmount":120721.77119999196,"petrolRate":104.52,"dieselVolume":1326.0299999999115,"petrolVolume":804.0,"dieselRate":91.04,"petrolAmount":84034.08},{"date":"2026-02-08","totalAmount":121895.31159999178,"dieselAmount":61011.36640000297,"petrolRate":104.52,"dieselVolume":670.1600000000326,"petrolVolume":582.5099999998929,"dieselRate":91.04,"petrolAmount":60883.945199988804}], time_ms=9
2026-02-22 07:56:42.836 DEBUG [http-nio-8080-exec-2] o.s.web.servlet.DispatcherServlet : GET "/api/station/config?username=demo", parameters={masked}
2026-02-22 07:56:42.836 DEBUG [http-nio-8080-exec-2] o.s.w.s.m.m.a.RequestMappingHandlerMapping : Mapped to com.deccan.petroconnect.controllers.PetrolStationController#getStationConfig(String)
2026-02-22 07:56:42.840 DEBUG [http-nio-8080-exec-2] o.s.w.s.m.m.a.HttpEntityMethodProcessor : Using 'application/json', given [application/json, text/plain, */*] and supported [application/json, application/*+json]
2026-02-22 07:56:42.840 DEBUG [http-nio-8080-exec-2] o.s.w.s.m.m.a.HttpEntityMethodProcessor : Writing [PetrolStation(id=1, stationName=OmSaiSiddhi, stationCode=demo, dealerName=demo, contactNumber=demo,  (truncated)...]
2026-02-22 07:56:42.841 DEBUG [http-nio-8080-exec-2] o.s.web.servlet.DispatcherServlet : Completed 200 OK
2026-02-22 07:56:42.841 INFO  [http-nio-8080-exec-2] c.d.p.c.RequestResponseLoggingFilter : REQUEST: method=GET, uri=/api/station/config, headers={sec-fetch-mode=cors, referer=http://localhost:5173/, sec-fetch-site=same-site, accept-language=en-GB,en-US;q=0.9,en;q=0.8, cookie=JSESSIONID=598215FA1BEAB7A7EB63EA5492D460EA, origin=http://localhost:5173, dnt=1, accept=application/json, text/plain, */*, authorization=Bearer 093d4222-f418-4b86-9298-4a92bcc8dd02, sec-ch-ua="Chromium";v="142", "Google Chrome";v="142", "Not_A Brand";v="99", sec-ch-ua-mobile=?0, sec-ch-ua-platform="Linux", host=localhost:8080, connection=keep-alive, accept-encoding=gzip, deflate, br, zstd, user-agent=Mozilla/5.0 (X11; Linux x86_64) AppleWebKit/537.36 (KHTML, like Gecko) Chrome/142.0.0.0 Safari/537.36, sec-fetch-dest=empty}, payload=
2026-02-22 07:56:42.841 INFO  [http-nio-8080-exec-2] c.d.p.c.RequestResponseLoggingFilter : RESPONSE: status=200, payload={"id":1,"stationName":"OmSaiSiddhi","stationCode":"demo","dealerName":"demo","contactNumber":"demo","email":"demo@gmail.com","address":"demo","createdAt":"2026-02-04","configuration":"{\"shifts\": [\"Day\", \"Night\"], \"stationName\": \"OmSaiSiddhi\", \"isConfigured\": true, \"dispensingUnits\": [{\"id\": 1, \"name\": \"DU 1\", \"nozzles\": [{\"id\": \"A1\", \"productType\": \"Petrol\"}, {\"id\": \"A2\", \"productType\": \"Petrol\"}]}, {\"id\": 2, \"name\": \"DU 2\", \"nozzles\": [{\"id\": \"V1\", \"productType\": \"Diesel\"}, {\"id\": \"V2\", \"productType\": \"Diesel\"}]}]}"}, time_ms=6
2026-02-22 07:56:42.845 DEBUG [http-nio-8080-exec-4] o.s.web.servlet.DispatcherServlet : GET "/api/station/config?username=demo", parameters={masked}
2026-02-22 07:56:42.845 DEBUG [http-nio-8080-exec-4] o.s.w.s.m.m.a.RequestMappingHandlerMapping : Mapped to com.deccan.petroconnect.controllers.PetrolStationController#getStationConfig(String)
2026-02-22 07:56:42.849 DEBUG [http-nio-8080-exec-3] o.s.web.servlet.DispatcherServlet : GET "/api/dsr?date=2026-02-22&shift=Day", parameters={masked}
2026-02-22 07:56:42.850 DEBUG [http-nio-8080-exec-3] o.s.w.s.m.m.a.RequestMappingHandlerMapping : Mapped to com.deccan.petroconnect.controllers.DsrController#getDsrShift(String, String)
2026-02-22 07:56:42.852 DEBUG [http-nio-8080-exec-4] o.s.w.s.m.m.a.HttpEntityMethodProcessor : Using 'application/json', given [application/json, text/plain, */*] and supported [application/json, application/*+json]
2026-02-22 07:56:42.852 DEBUG [http-nio-8080-exec-4] o.s.w.s.m.m.a.HttpEntityMethodProcessor : Writing [PetrolStation(id=1, stationName=OmSaiSiddhi, stationCode=demo, dealerName=demo, contactNumber=demo,  (truncated)...]
2026-02-22 07:56:42.853 DEBUG [http-nio-8080-exec-4] o.s.web.servlet.DispatcherServlet : Completed 200 OK
2026-02-22 07:56:42.853 INFO  [http-nio-8080-exec-4] c.d.p.c.RequestResponseLoggingFilter : REQUEST: method=GET, uri=/api/station/config, headers={sec-fetch-mode=cors, referer=http://localhost:5173/, sec-fetch-site=same-site, accept-language=en-GB,en-US;q=0.9,en;q=0.8, cookie=JSESSIONID=598215FA1BEAB7A7EB63EA5492D460EA, origin=http://localhost:5173, dnt=1, accept=application/json, text/plain, */*, authorization=Bearer 093d4222-f418-4b86-9298-4a92bcc8dd02, sec-ch-ua="Chromium";v="142", "Google Chrome";v="142", "Not_A Brand";v="99", sec-ch-ua-mobile=?0, sec-ch-ua-platform="Linux", host=localhost:8080, connection=keep-alive, accept-encoding=gzip, deflate, br, zstd, user-agent=Mozilla/5.0 (X11; Linux x86_64) AppleWebKit/537.36 (KHTML, like Gecko) Chrome/142.0.0.0 Safari/537.36, sec-fetch-dest=empty}, payload=
2026-02-22 07:56:42.853 INFO  [http-nio-8080-exec-4] c.d.p.c.RequestResponseLoggingFilter : RESPONSE: status=200, payload={"id":1,"stationName":"OmSaiSiddhi","stationCode":"demo","dealerName":"demo","contactNumber":"demo","email":"demo@gmail.com","address":"demo","createdAt":"2026-02-04","configuration":"{\"shifts\": [\"Day\", \"Night\"], \"stationName\": \"OmSaiSiddhi\", \"isConfigured\": true, \"dispensingUnits\": [{\"id\": 1, \"name\": \"DU 1\", \"nozzles\": [{\"id\": \"A1\", \"productType\": \"Petrol\"}, {\"id\": \"A2\", \"productType\": \"Petrol\"}]}, {\"id\": 2, \"name\": \"DU 2\", \"nozzles\": [{\"id\": \"V1\", \"productType\": \"Diesel\"}, {\"id\": \"V2\", \"productType\": \"Diesel\"}]}]}"}, time_ms=9
2026-02-22 07:56:42.854 DEBUG [http-nio-8080-exec-3] o.s.w.s.m.m.a.HttpEntityMethodProcessor : Using 'application/json', given [application/json, text/plain, */*] and supported [*/*]
2026-02-22 07:56:42.854 DEBUG [http-nio-8080-exec-3] o.s.web.servlet.DispatcherServlet : Completed 200 OK
2026-02-22 07:56:42.854 INFO  [http-nio-8080-exec-3] c.d.p.c.RequestResponseLoggingFilter : REQUEST: method=GET, uri=/api/dsr, headers={sec-fetch-mode=cors, referer=http://localhost:5173/, sec-fetch-site=same-site, accept-language=en-GB,en-US;q=0.9,en;q=0.8, cookie=JSESSIONID=598215FA1BEAB7A7EB63EA5492D460EA, origin=http://localhost:5173, dnt=1, accept=application/json, text/plain, */*, authorization=Bearer 093d4222-f418-4b86-9298-4a92bcc8dd02, sec-ch-ua="Chromium";v="142", "Google Chrome";v="142", "Not_A Brand";v="99", sec-ch-ua-mobile=?0, sec-ch-ua-platform="Linux", host=localhost:8080, connection=keep-alive, accept-encoding=gzip, deflate, br, zstd, user-agent=Mozilla/5.0 (X11; Linux x86_64) AppleWebKit/537.36 (KHTML, like Gecko) Chrome/142.0.0.0 Safari/537.36, sec-fetch-dest=empty}, payload=
2026-02-22 07:56:42.854 INFO  [http-nio-8080-exec-3] c.d.p.c.RequestResponseLoggingFilter : RESPONSE: status=200, payload=, time_ms=5
2026-02-22 07:56:42.861 DEBUG [http-nio-8080-exec-5] o.s.web.servlet.DispatcherServlet : GET "/api/dsr?date=2026-02-22&shift=Day", parameters={masked}
2026-02-22 07:56:42.861 DEBUG [http-nio-8080-exec-6] o.s.web.servlet.DispatcherServlet : GET "/api/dsr?date=2026-02-21&shift=Night", parameters={masked}
2026-02-22 07:56:42.861 DEBUG [http-nio-8080-exec-6] o.s.w.s.m.m.a.RequestMappingHandlerMapping : Mapped to com.deccan.petroconnect.controllers.DsrController#getDsrShift(String, String)
2026-02-22 07:56:42.861 DEBUG [http-nio-8080-exec-5] o.s.w.s.m.m.a.RequestMappingHandlerMapping : Mapped to com.deccan.petroconnect.controllers.DsrController#getDsrShift(String, String)
2026-02-22 07:56:42.864 DEBUG [http-nio-8080-exec-5] o.s.w.s.m.m.a.HttpEntityMethodProcessor : Using 'application/json', given [application/json, text/plain, */*] and supported [*/*]
2026-02-22 07:56:42.864 DEBUG [http-nio-8080-exec-6] o.s.w.s.m.m.a.HttpEntityMethodProcessor : Using 'application/json', given [application/json, text/plain, */*] and supported [*/*]
2026-02-22 07:56:42.864 DEBUG [http-nio-8080-exec-6] o.s.web.servlet.DispatcherServlet : Completed 200 OK
2026-02-22 07:56:42.864 DEBUG [http-nio-8080-exec-5] o.s.web.servlet.DispatcherServlet : Completed 200 OK
2026-02-22 07:56:42.865 INFO  [http-nio-8080-exec-5] c.d.p.c.RequestResponseLoggingFilter : REQUEST: method=GET, uri=/api/dsr, headers={sec-fetch-mode=cors, referer=http://localhost:5173/, sec-fetch-site=same-site, accept-language=en-GB,en-US;q=0.9,en;q=0.8, cookie=JSESSIONID=598215FA1BEAB7A7EB63EA5492D460EA, origin=http://localhost:5173, dnt=1, accept=application/json, text/plain, */*, authorization=Bearer 093d4222-f418-4b86-9298-4a92bcc8dd02, sec-ch-ua="Chromium";v="142", "Google Chrome";v="142", "Not_A Brand";v="99", sec-ch-ua-mobile=?0, sec-ch-ua-platform="Linux", host=localhost:8080, connection=keep-alive, accept-encoding=gzip, deflate, br, zstd, user-agent=Mozilla/5.0 (X11; Linux x86_64) AppleWebKit/537.36 (KHTML, like Gecko) Chrome/142.0.0.0 Safari/537.36, sec-fetch-dest=empty}, payload=
2026-02-22 07:56:42.865 INFO  [http-nio-8080-exec-6] c.d.p.c.RequestResponseLoggingFilter : REQUEST: method=GET, uri=/api/dsr, headers={sec-fetch-mode=cors, referer=http://localhost:5173/, sec-fetch-site=same-site, accept-language=en-GB,en-US;q=0.9,en;q=0.8, cookie=JSESSIONID=598215FA1BEAB7A7EB63EA5492D460EA, origin=http://localhost:5173, dnt=1, accept=application/json, text/plain, */*, authorization=Bearer 093d4222-f418-4b86-9298-4a92bcc8dd02, sec-ch-ua="Chromium";v="142", "Google Chrome";v="142", "Not_A Brand";v="99", sec-ch-ua-mobile=?0, sec-ch-ua-platform="Linux", host=localhost:8080, connection=keep-alive, accept-encoding=gzip, deflate, br, zstd, user-agent=Mozilla/5.0 (X11; Linux x86_64) AppleWebKit/537.36 (KHTML, like Gecko) Chrome/142.0.0.0 Safari/537.36, sec-fetch-dest=empty}, payload=
2026-02-22 07:56:42.865 INFO  [http-nio-8080-exec-5] c.d.p.c.RequestResponseLoggingFilter : RESPONSE: status=200, payload=, time_ms=4
2026-02-22 07:56:42.865 INFO  [http-nio-8080-exec-6] c.d.p.c.RequestResponseLoggingFilter : RESPONSE: status=200, payload=, time_ms=4
2026-02-22 07:56:42.872 DEBUG [http-nio-8080-exec-7] o.s.web.servlet.DispatcherServlet : GET "/api/dsr?date=2026-02-21&shift=Night", parameters={masked}
2026-02-22 07:56:42.872 DEBUG [http-nio-8080-exec-7] o.s.w.s.m.m.a.RequestMappingHandlerMapping : Mapped to com.deccan.petroconnect.controllers.DsrController#getDsrShift(String, String)
2026-02-22 07:56:42.875 DEBUG [http-nio-8080-exec-7] o.s.w.s.m.m.a.HttpEntityMethodProcessor : Using 'application/json', given [application/json, text/plain, */*] and supported [*/*]
2026-02-22 07:56:42.875 DEBUG [http-nio-8080-exec-7] o.s.web.servlet.DispatcherServlet : Completed 200 OK
2026-02-22 07:56:42.875 INFO  [http-nio-8080-exec-7] c.d.p.c.RequestResponseLoggingFilter : REQUEST: method=GET, uri=/api/dsr, headers={sec-fetch-mode=cors, referer=http://localhost:5173/, sec-fetch-site=same-site, accept-language=en-GB,en-US;q=0.9,en;q=0.8, cookie=JSESSIONID=598215FA1BEAB7A7EB63EA5492D460EA, origin=http://localhost:5173, dnt=1, accept=application/json, text/plain, */*, authorization=Bearer 093d4222-f418-4b86-9298-4a92bcc8dd02, sec-ch-ua="Chromium";v="142", "Google Chrome";v="142", "Not_A Brand";v="99", sec-ch-ua-mobile=?0, sec-ch-ua-platform="Linux", host=localhost:8080, connection=keep-alive, accept-encoding=gzip, deflate, br, zstd, user-agent=Mozilla/5.0 (X11; Linux x86_64) AppleWebKit/537.36 (KHTML, like Gecko) Chrome/142.0.0.0 Safari/537.36, sec-fetch-dest=empty}, payload=
2026-02-22 07:56:42.875 INFO  [http-nio-8080-exec-7] c.d.p.c.RequestResponseLoggingFilter : RESPONSE: status=200, payload=, time_ms=3
2026-02-22 07:57:41.766 DEBUG [http-nio-8080-exec-8] o.s.web.servlet.DispatcherServlet : GET "/api/dsr/consolidated?month=2&year=2026", parameters={masked}
2026-02-22 07:57:41.766 DEBUG [http-nio-8080-exec-8] o.s.w.s.m.m.a.RequestMappingHandlerMapping : Mapped to com.deccan.petroconnect.controllers.DsrController#getConsolidatedReport(int, int)
2026-02-22 07:57:41.774 DEBUG [http-nio-8080-exec-8] o.s.w.s.m.m.a.HttpEntityMethodProcessor : Using 'application/json', given [application/json, text/plain, */*] and supported [application/json, application/*+json]
2026-02-22 07:57:41.774 DEBUG [http-nio-8080-exec-8] o.s.w.s.m.m.a.HttpEntityMethodProcessor : Writing [[{date=2026-02-04, totalAmount=162137.66920000224, dieselAmount=99545.86720000468, petrolRate=104.52 (truncated)...]
2026-02-22 07:57:41.774 DEBUG [http-nio-8080-exec-8] o.s.web.servlet.DispatcherServlet : Completed 200 OK
2026-02-22 07:57:41.775 INFO  [http-nio-8080-exec-8] c.d.p.c.RequestResponseLoggingFilter : REQUEST: method=GET, uri=/api/dsr/consolidated, headers={sec-fetch-mode=cors, referer=http://localhost:5173/, sec-fetch-site=same-site, accept-language=en-GB,en-US;q=0.9,en;q=0.8, cookie=JSESSIONID=598215FA1BEAB7A7EB63EA5492D460EA, origin=http://localhost:5173, dnt=1, accept=application/json, text/plain, */*, authorization=Bearer 093d4222-f418-4b86-9298-4a92bcc8dd02, sec-ch-ua="Chromium";v="142", "Google Chrome";v="142", "Not_A Brand";v="99", sec-ch-ua-mobile=?0, sec-ch-ua-platform="Linux", host=localhost:8080, connection=keep-alive, accept-encoding=gzip, deflate, br, zstd, user-agent=Mozilla/5.0 (X11; Linux x86_64) AppleWebKit/537.36 (KHTML, like Gecko) Chrome/142.0.0.0 Safari/537.36, sec-fetch-dest=empty}, payload=
2026-02-22 07:57:41.775 INFO  [http-nio-8080-exec-8] c.d.p.c.RequestResponseLoggingFilter : RESPONSE: status=200, payload=[{"date":"2026-02-04","totalAmount":162137.66920000224,"dieselAmount":99545.86720000468,"petrolRate":104.52,"dieselVolume":1093.4300000000512,"petrolVolume":598.8499999999767,"dieselRate":91.04000000000002,"petrolAmount":62591.801999997566},{"date":"2026-02-05","totalAmount":136115.35520000098,"dieselAmount":68097.92,"petrolRate":104.52,"dieselVolume":748.0,"petrolVolume":650.7600000000093,"dieselRate":91.03999999999999,"petrolAmount":68017.43520000097},{"date":"2026-02-06","totalAmount":124029.88319999841,"dieselAmount":45359.769599999156,"petrolRate":104.51999999999998,"dieselVolume":498.2399999999907,"petrolVolume":752.679999999993,"dieselRate":91.04,"petrolAmount":78670.11359999925},{"date":"2026-02-07","totalAmount":204755.85119999194,"dieselAmount":120721.77119999196,"petrolRate":104.52,"dieselVolume":1326.0299999999115,"petrolVolume":804.0,"dieselRate":91.04,"petrolAmount":84034.08},{"date":"2026-02-08","totalAmount":121895.31159999178,"dieselAmount":61011.36640000297,"petrolRate":104.52,"dieselVolume":670.1600000000326,"petrolVolume":582.5099999998929,"dieselRate":91.04,"petrolAmount":60883.945199988804}], time_ms=9
2026-02-22 07:57:41.779 DEBUG [http-nio-8080-exec-10] o.s.web.servlet.DispatcherServlet : GET "/api/dsr/consolidated?month=2&year=2026", parameters={masked}
2026-02-22 07:57:41.779 DEBUG [http-nio-8080-exec-10] o.s.w.s.m.m.a.RequestMappingHandlerMapping : Mapped to com.deccan.petroconnect.controllers.DsrController#getConsolidatedReport(int, int)
2026-02-22 07:57:41.789 DEBUG [http-nio-8080-exec-10] o.s.w.s.m.m.a.HttpEntityMethodProcessor : Using 'application/json', given [application/json, text/plain, */*] and supported [application/json, application/*+json]
2026-02-22 07:57:41.789 DEBUG [http-nio-8080-exec-10] o.s.w.s.m.m.a.HttpEntityMethodProcessor : Writing [[{date=2026-02-04, totalAmount=162137.66920000224, dieselAmount=99545.86720000468, petrolRate=104.52 (truncated)...]
2026-02-22 07:57:41.790 DEBUG [http-nio-8080-exec-10] o.s.web.servlet.DispatcherServlet : Completed 200 OK
2026-02-22 07:57:41.790 INFO  [http-nio-8080-exec-10] c.d.p.c.RequestResponseLoggingFilter : REQUEST: method=GET, uri=/api/dsr/consolidated, headers={sec-fetch-mode=cors, referer=http://localhost:5173/, sec-fetch-site=same-site, accept-language=en-GB,en-US;q=0.9,en;q=0.8, cookie=JSESSIONID=598215FA1BEAB7A7EB63EA5492D460EA, origin=http://localhost:5173, dnt=1, accept=application/json, text/plain, */*, authorization=Bearer 093d4222-f418-4b86-9298-4a92bcc8dd02, sec-ch-ua="Chromium";v="142", "Google Chrome";v="142", "Not_A Brand";v="99", sec-ch-ua-mobile=?0, sec-ch-ua-platform="Linux", host=localhost:8080, connection=keep-alive, accept-encoding=gzip, deflate, br, zstd, user-agent=Mozilla/5.0 (X11; Linux x86_64) AppleWebKit/537.36 (KHTML, like Gecko) Chrome/142.0.0.0 Safari/537.36, sec-fetch-dest=empty}, payload=
2026-02-22 07:57:41.790 INFO  [http-nio-8080-exec-10] c.d.p.c.RequestResponseLoggingFilter : RESPONSE: status=200, payload=[{"date":"2026-02-04","totalAmount":162137.66920000224,"dieselAmount":99545.86720000468,"petrolRate":104.52,"dieselVolume":1093.4300000000512,"petrolVolume":598.8499999999767,"dieselRate":91.04000000000002,"petrolAmount":62591.801999997566},{"date":"2026-02-05","totalAmount":136115.35520000098,"dieselAmount":68097.92,"petrolRate":104.52,"dieselVolume":748.0,"petrolVolume":650.7600000000093,"dieselRate":91.03999999999999,"petrolAmount":68017.43520000097},{"date":"2026-02-06","totalAmount":124029.88319999841,"dieselAmount":45359.769599999156,"petrolRate":104.51999999999998,"dieselVolume":498.2399999999907,"petrolVolume":752.679999999993,"dieselRate":91.04,"petrolAmount":78670.11359999925},{"date":"2026-02-07","totalAmount":204755.85119999194,"dieselAmount":120721.77119999196,"petrolRate":104.52,"dieselVolume":1326.0299999999115,"petrolVolume":804.0,"dieselRate":91.04,"petrolAmount":84034.08},{"date":"2026-02-08","totalAmount":121895.31159999178,"dieselAmount":61011.36640000297,"petrolRate":104.52,"dieselVolume":670.1600000000326,"petrolVolume":582.5099999998929,"dieselRate":91.04,"petrolAmount":60883.945199988804}], time_ms=11
2026-02-22 07:58:51.487 INFO  [SpringApplicationShutdownHook] o.s.o.j.LocalContainerEntityManagerFactoryBean : Closing JPA EntityManagerFactory for persistence unit 'default'
2026-02-22 07:58:51.488 INFO  [SpringApplicationShutdownHook] com.zaxxer.hikari.HikariDataSource : HikariPool-1 - Shutdown initiated...
2026-02-22 07:58:51.494 INFO  [SpringApplicationShutdownHook] com.zaxxer.hikari.HikariDataSource : HikariPool-1 - Shutdown completed.
2026-02-22 07:59:07.468 INFO  [background-preinit] o.h.validator.internal.util.Version : HV000001: Hibernate Validator 8.0.1.Final
2026-02-22 07:59:07.503 INFO  [main] c.d.p.PetroConnectApplication : Starting PetroConnectApplication using Java 21.0.9 with PID 1981739 (/home/unbox/Pictures/saish/projects/petrol-station-connect/backend/target/classes started by unbox in /home/unbox/Pictures/saish/projects/petrol-station-connect/backend)
2026-02-22 07:59:07.503 DEBUG [main] c.d.p.PetroConnectApplication : Running with Spring Boot v3.2.1, Spring v6.1.2
2026-02-22 07:59:07.504 INFO  [main] c.d.p.PetroConnectApplication : No active profile set, falling back to 1 default profile: "default"
2026-02-22 07:59:07.974 INFO  [main] o.s.d.r.c.RepositoryConfigurationDelegate : Bootstrapping Spring Data JPA repositories in DEFAULT mode.
2026-02-22 07:59:08.017 INFO  [main] o.s.d.r.c.RepositoryConfigurationDelegate : Finished Spring Data repository scanning in 37 ms. Found 3 JPA repository interfaces.
2026-02-22 07:59:08.380 INFO  [main] o.s.b.w.e.tomcat.TomcatWebServer : Tomcat initialized with port 8080 (http)
2026-02-22 07:59:08.388 INFO  [main] o.a.coyote.http11.Http11NioProtocol : Initializing ProtocolHandler ["http-nio-8080"]
2026-02-22 07:59:08.389 INFO  [main] o.a.catalina.core.StandardService : Starting service [Tomcat]
2026-02-22 07:59:08.390 INFO  [main] o.a.catalina.core.StandardEngine : Starting Servlet engine: [Apache Tomcat/10.1.17]
2026-02-22 07:59:08.421 INFO  [main] o.a.c.c.C.[Tomcat].[localhost].[/] : Initializing Spring embedded WebApplicationContext
2026-02-22 07:59:08.421 INFO  [main] o.s.b.w.s.c.ServletWebServerApplicationContext : Root WebApplicationContext: initialization completed in 880 ms
2026-02-22 07:59:08.450 DEBUG [main] c.d.p.config.JwtAuthenticationFilter : Filter 'jwtAuthenticationFilter' configured for use
2026-02-22 07:59:08.451 DEBUG [main] c.d.p.c.RequestResponseLoggingFilter : Filter 'requestResponseLoggingFilter' configured for use
2026-02-22 07:59:08.498 INFO  [main] com.zaxxer.hikari.HikariDataSource : HikariPool-1 - Starting...
2026-02-22 07:59:08.740 INFO  [main] com.zaxxer.hikari.pool.HikariPool : HikariPool-1 - Added connection org.postgresql.jdbc.PgConnection@26c77f54
2026-02-22 07:59:08.742 INFO  [main] com.zaxxer.hikari.HikariDataSource : HikariPool-1 - Start completed.
2026-02-22 07:59:08.804 INFO  [main] o.f.c.i.license.VersionPrinter : Flyway Community Edition 9.22.3 by Redgate
2026-02-22 07:59:08.804 INFO  [main] o.f.c.i.license.VersionPrinter : See release notes here: https://rd.gt/416ObMi
2026-02-22 07:59:08.804 INFO  [main] o.f.c.i.license.VersionPrinter : 
2026-02-22 07:59:08.817 INFO  [main] org.flywaydb.core.FlywayExecutor : Database: jdbc:postgresql://localhost:5432/petroconnectdb (PostgreSQL 16.10)
2026-02-22 07:59:08.823 WARN  [main] o.f.c.i.database.base.Database : Flyway upgrade recommended: PostgreSQL 16.10 is newer than this version of Flyway and support has not been tested. The latest supported version of PostgreSQL is 15.
2026-02-22 07:59:08.848 INFO  [main] o.f.core.internal.command.DbValidate : Successfully validated 2 migrations (execution time 00:00.017s)
2026-02-22 07:59:08.873 INFO  [main] o.f.core.internal.command.DbMigrate : Current version of schema "public": 2
2026-02-22 07:59:08.876 INFO  [main] o.f.core.internal.command.DbMigrate : Schema "public" is up to date. No migration necessary.
2026-02-22 07:59:08.938 INFO  [main] o.h.jpa.internal.util.LogHelper : HHH000204: Processing PersistenceUnitInfo [name: default]
2026-02-22 07:59:08.979 INFO  [main] org.hibernate.Version : HHH000412: Hibernate ORM core version 6.4.1.Final
2026-02-22 07:59:09.006 INFO  [main] o.h.c.i.RegionFactoryInitiator : HHH000026: Second-level cache disabled
2026-02-22 07:59:09.183 INFO  [main] o.s.o.j.p.SpringPersistenceUnitInfo : No LoadTimeWeaver setup: ignoring JPA class transformer
2026-02-22 07:59:09.868 INFO  [main] o.h.e.t.j.p.i.JtaPlatformInitiator : HHH000489: No JTA platform available (set 'hibernate.transaction.jta.platform' to enable JTA platform integration)
2026-02-22 07:59:09.895 INFO  [main] o.s.o.j.LocalContainerEntityManagerFactoryBean : Initialized JPA EntityManagerFactory for persistence unit 'default'
2026-02-22 07:59:10.181 INFO  [main] o.s.d.j.r.query.QueryEnhancerFactory : Hibernate is in classpath; If applicable, HQL parser will be used.
2026-02-22 07:59:10.225 WARN  [main] o.s.b.a.o.j.JpaBaseConfiguration$JpaWebConfiguration : spring.jpa.open-in-view is enabled by default. Therefore, database queries may be performed during view rendering. Explicitly configure spring.jpa.open-in-view to disable this warning
2026-02-22 07:59:10.284 INFO  [main] o.s.b.a.w.s.WelcomePageHandlerMapping : Adding welcome page: class path resource [static/index.html]
2026-02-22 07:59:10.327 DEBUG [main] o.s.w.s.m.m.a.RequestMappingHandlerMapping : 11 mappings in 'requestMappingHandlerMapping'
2026-02-22 07:59:10.377 DEBUG [main] o.s.w.s.h.SimpleUrlHandlerMapping : Patterns [/webjars/**, /**] in 'resourceHandlerMapping'
2026-02-22 07:59:10.400 INFO  [main] o.s.s.web.DefaultSecurityFilterChain : Will secure any request with [org.springframework.security.web.session.DisableEncodeUrlFilter@321302bc, org.springframework.security.web.context.request.async.WebAsyncManagerIntegrationFilter@89dd102, org.springframework.security.web.context.SecurityContextHolderFilter@7a3ab73a, org.springframework.security.web.header.HeaderWriterFilter@29682244, org.springframework.web.filter.CorsFilter@2b826482, org.springframework.security.web.authentication.logout.LogoutFilter@531bfe4b, org.springframework.security.web.savedrequest.RequestCacheAwareFilter@67cd1db3, org.springframework.security.web.servletapi.SecurityContextHolderAwareRequestFilter@7ccfed46, org.springframework.security.web.authentication.AnonymousAuthenticationFilter@3f908a10, org.springframework.security.web.access.ExceptionTranslationFilter@5af8ef61, org.springframework.security.web.access.intercept.AuthorizationFilter@7ef8899d]
2026-02-22 07:59:10.451 DEBUG [main] o.s.w.s.m.m.a.RequestMappingHandlerAdapter : ControllerAdvice beans: 0 @ModelAttribute, 0 @InitBinder, 1 RequestBodyAdvice, 1 ResponseBodyAdvice
2026-02-22 07:59:10.475 DEBUG [main] o.s.w.s.m.m.a.ExceptionHandlerExceptionResolver : ControllerAdvice beans: 0 @ExceptionHandler, 1 ResponseBodyAdvice
2026-02-22 07:59:10.556 INFO  [main] o.a.coyote.http11.Http11NioProtocol : Starting ProtocolHandler ["http-nio-8080"]
2026-02-22 07:59:10.575 INFO  [main] o.s.b.w.e.tomcat.TomcatWebServer : Tomcat started on port 8080 (http) with context path ''
2026-02-22 07:59:10.581 INFO  [main] c.d.p.PetroConnectApplication : Started PetroConnectApplication in 3.515 seconds (process running for 3.761)
2026-02-22 07:59:27.223 INFO  [http-nio-8080-exec-1] o.a.c.c.C.[Tomcat].[localhost].[/] : Initializing Spring DispatcherServlet 'dispatcherServlet'
2026-02-22 07:59:27.223 INFO  [http-nio-8080-exec-1] o.s.web.servlet.DispatcherServlet : Initializing Servlet 'dispatcherServlet'
2026-02-22 07:59:27.223 DEBUG [http-nio-8080-exec-1] o.s.web.servlet.DispatcherServlet : Detected StandardServletMultipartResolver
2026-02-22 07:59:27.223 DEBUG [http-nio-8080-exec-1] o.s.web.servlet.DispatcherServlet : Detected AcceptHeaderLocaleResolver
2026-02-22 07:59:27.223 DEBUG [http-nio-8080-exec-1] o.s.web.servlet.DispatcherServlet : Detected FixedThemeResolver
2026-02-22 07:59:27.224 DEBUG [http-nio-8080-exec-1] o.s.web.servlet.DispatcherServlet : Detected org.springframework.web.servlet.view.DefaultRequestToViewNameTranslator@570089c4
2026-02-22 07:59:27.224 DEBUG [http-nio-8080-exec-1] o.s.web.servlet.DispatcherServlet : Detected org.springframework.web.servlet.support.SessionFlashMapManager@6aa85fcf
2026-02-22 07:59:27.225 DEBUG [http-nio-8080-exec-1] o.s.web.servlet.DispatcherServlet : enableLoggingRequestDetails='false': request parameters and headers will be masked to prevent unsafe logging of potentially sensitive data
2026-02-22 07:59:27.225 INFO  [http-nio-8080-exec-1] o.s.web.servlet.DispatcherServlet : Completed initialization in 2 ms
2026-02-22 07:59:27.571 DEBUG [http-nio-8080-exec-2] o.s.web.servlet.DispatcherServlet : POST "/api/auth/login", parameters={}
2026-02-22 07:59:27.573 DEBUG [http-nio-8080-exec-2] o.s.w.s.m.m.a.RequestMappingHandlerMapping : Mapped to com.deccan.petroconnect.controllers.AuthController#loginUser(LoginRequest, HttpSession)
2026-02-22 07:59:27.635 DEBUG [http-nio-8080-exec-2] o.s.w.s.m.m.a.RequestResponseBodyMethodProcessor : Read "application/json;charset=UTF-8" to [LoginRequest(username=demo, password=123)]
2026-02-22 07:59:27.976 DEBUG [http-nio-8080-exec-2] o.s.w.s.m.m.a.HttpEntityMethodProcessor : Using 'application/json', given [application/json, text/plain, */*] and supported [application/json, application/*+json]
2026-02-22 07:59:27.977 DEBUG [http-nio-8080-exec-2] o.s.w.s.m.m.a.HttpEntityMethodProcessor : Writing [{error=Invalid username or password}]
2026-02-22 07:59:27.987 DEBUG [http-nio-8080-exec-2] o.s.web.servlet.DispatcherServlet : Completed 401 UNAUTHORIZED
2026-02-22 07:59:27.989 INFO  [http-nio-8080-exec-2] c.d.p.c.RequestResponseLoggingFilter : REQUEST: method=POST, uri=/api/auth/login, headers={sec-fetch-mode=cors, content-length=36, referer=http://localhost:5173/, sec-fetch-site=same-site, accept-language=en-GB,en-US;q=0.9,en;q=0.8, cookie=JSESSIONID=598215FA1BEAB7A7EB63EA5492D460EA, origin=http://localhost:5173, dnt=1, accept=application/json, text/plain, */*, sec-ch-ua="Chromium";v="142", "Google Chrome";v="142", "Not_A Brand";v="99", sec-ch-ua-mobile=?0, sec-ch-ua-platform="Linux", host=localhost:8080, connection=keep-alive, content-type=application/json, accept-encoding=gzip, deflate, br, zstd, user-agent=Mozilla/5.0 (X11; Linux x86_64) AppleWebKit/537.36 (KHTML, like Gecko) Chrome/142.0.0.0 Safari/537.36, sec-fetch-dest=empty}, payload={"username":"demo","password":"123"}
2026-02-22 07:59:27.989 INFO  [http-nio-8080-exec-2] c.d.p.c.RequestResponseLoggingFilter : RESPONSE: status=401, payload={"error":"Invalid username or password"}, time_ms=418
2026-02-22 07:59:35.709 DEBUG [http-nio-8080-exec-3] o.s.web.servlet.DispatcherServlet : POST "/api/auth/login", parameters={}
2026-02-22 07:59:35.709 DEBUG [http-nio-8080-exec-3] o.s.w.s.m.m.a.RequestMappingHandlerMapping : Mapped to com.deccan.petroconnect.controllers.AuthController#loginUser(LoginRequest, HttpSession)
2026-02-22 07:59:35.710 DEBUG [http-nio-8080-exec-3] o.s.w.s.m.m.a.RequestResponseBodyMethodProcessor : Read "application/json;charset=UTF-8" to [LoginRequest(username=demo, password=demo)]
2026-02-22 07:59:35.811 DEBUG [http-nio-8080-exec-3] o.s.w.s.m.m.a.HttpEntityMethodProcessor : Using 'application/json', given [application/json, text/plain, */*] and supported [application/json, application/*+json]
2026-02-22 07:59:35.812 DEBUG [http-nio-8080-exec-3] o.s.w.s.m.m.a.HttpEntityMethodProcessor : Writing [{station_configured=true, station_created_at=2026-02-04, token=8681c15b-92e0-4c24-b748-aa48564ce423, (truncated)...]
2026-02-22 07:59:35.815 DEBUG [http-nio-8080-exec-3] o.s.web.servlet.DispatcherServlet : Completed 200 OK
2026-02-22 07:59:35.815 INFO  [http-nio-8080-exec-3] c.d.p.c.RequestResponseLoggingFilter : REQUEST: method=POST, uri=/api/auth/login, headers={sec-fetch-mode=cors, content-length=37, referer=http://localhost:5173/, sec-fetch-site=same-site, accept-language=en-GB,en-US;q=0.9,en;q=0.8, cookie=JSESSIONID=828BDDD4104F79F0D8FB58CD95D0D3E9, origin=http://localhost:5173, dnt=1, accept=application/json, text/plain, */*, sec-ch-ua="Chromium";v="142", "Google Chrome";v="142", "Not_A Brand";v="99", sec-ch-ua-mobile=?0, sec-ch-ua-platform="Linux", host=localhost:8080, connection=keep-alive, content-type=application/json, accept-encoding=gzip, deflate, br, zstd, user-agent=Mozilla/5.0 (X11; Linux x86_64) AppleWebKit/537.36 (KHTML, like Gecko) Chrome/142.0.0.0 Safari/537.36, sec-fetch-dest=empty}, payload={"username":"demo","password":"demo"}
2026-02-22 07:59:35.815 INFO  [http-nio-8080-exec-3] c.d.p.c.RequestResponseLoggingFilter : RESPONSE: status=200, payload={"station_configured":true,"station_created_at":"2026-02-04","token":"8681c15b-92e0-4c24-b748-aa48564ce423","username":"demo"}, time_ms=106
2026-02-22 07:59:35.929 DEBUG [http-nio-8080-exec-6] o.s.web.servlet.DispatcherServlet : GET "/api/station/config?username=demo", parameters={masked}
2026-02-22 07:59:35.929 DEBUG [http-nio-8080-exec-6] o.s.w.s.m.m.a.RequestMappingHandlerMapping : Mapped to com.deccan.petroconnect.controllers.PetrolStationController#getStationConfig(String)
2026-02-22 07:59:35.961 DEBUG [http-nio-8080-exec-6] o.s.w.s.m.m.a.HttpEntityMethodProcessor : Using 'application/json', given [application/json, text/plain, */*] and supported [application/json, application/*+json]
2026-02-22 07:59:35.965 DEBUG [http-nio-8080-exec-6] o.s.w.s.m.m.a.HttpEntityMethodProcessor : Writing [PetrolStation(id=1, stationName=OmSaiSiddhi, stationCode=demo, dealerName=demo, contactNumber=demo,  (truncated)...]
2026-02-22 07:59:35.968 DEBUG [http-nio-8080-exec-6] o.s.web.servlet.DispatcherServlet : Completed 200 OK
2026-02-22 07:59:35.968 INFO  [http-nio-8080-exec-6] c.d.p.c.RequestResponseLoggingFilter : REQUEST: method=GET, uri=/api/station/config, headers={sec-fetch-mode=cors, referer=http://localhost:5173/, sec-fetch-site=same-site, accept-language=en-GB,en-US;q=0.9,en;q=0.8, cookie=JSESSIONID=828BDDD4104F79F0D8FB58CD95D0D3E9, origin=http://localhost:5173, dnt=1, accept=application/json, text/plain, */*, authorization=Bearer 8681c15b-92e0-4c24-b748-aa48564ce423, sec-ch-ua="Chromium";v="142", "Google Chrome";v="142", "Not_A Brand";v="99", sec-ch-ua-mobile=?0, sec-ch-ua-platform="Linux", host=localhost:8080, connection=keep-alive, accept-encoding=gzip, deflate, br, zstd, user-agent=Mozilla/5.0 (X11; Linux x86_64) AppleWebKit/537.36 (KHTML, like Gecko) Chrome/142.0.0.0 Safari/537.36, sec-fetch-dest=empty}, payload=
2026-02-22 07:59:35.968 INFO  [http-nio-8080-exec-6] c.d.p.c.RequestResponseLoggingFilter : RESPONSE: status=200, payload={"id":1,"stationName":"OmSaiSiddhi","stationCode":"demo","dealerName":"demo","contactNumber":"demo","email":"demo@gmail.com","address":"demo","createdAt":"2026-02-04","configuration":"{\"shifts\": [\"Day\", \"Night\"], \"stationName\": \"OmSaiSiddhi\", \"isConfigured\": true, \"dispensingUnits\": [{\"id\": 1, \"name\": \"DU 1\", \"nozzles\": [{\"id\": \"A1\", \"productType\": \"Petrol\"}, {\"id\": \"A2\", \"productType\": \"Petrol\"}]}, {\"id\": 2, \"name\": \"DU 2\", \"nozzles\": [{\"id\": \"V1\", \"productType\": \"Diesel\"}, {\"id\": \"V2\", \"productType\": \"Diesel\"}]}]}"}, time_ms=40
2026-02-22 07:59:35.973 DEBUG [http-nio-8080-exec-7] o.s.web.servlet.DispatcherServlet : GET "/api/station/config?username=demo", parameters={masked}
2026-02-22 07:59:35.974 DEBUG [http-nio-8080-exec-7] o.s.w.s.m.m.a.RequestMappingHandlerMapping : Mapped to com.deccan.petroconnect.controllers.PetrolStationController#getStationConfig(String)
2026-02-22 07:59:35.976 DEBUG [http-nio-8080-exec-8] o.s.web.servlet.DispatcherServlet : GET "/api/dsr?date=2026-02-22&shift=Day", parameters={masked}
2026-02-22 07:59:35.977 DEBUG [http-nio-8080-exec-8] o.s.w.s.m.m.a.RequestMappingHandlerMapping : Mapped to com.deccan.petroconnect.controllers.DsrController#getDsrShift(String, String)
2026-02-22 07:59:35.980 DEBUG [http-nio-8080-exec-7] o.s.w.s.m.m.a.HttpEntityMethodProcessor : Using 'application/json', given [application/json, text/plain, */*] and supported [application/json, application/*+json]
2026-02-22 07:59:35.980 DEBUG [http-nio-8080-exec-7] o.s.w.s.m.m.a.HttpEntityMethodProcessor : Writing [PetrolStation(id=1, stationName=OmSaiSiddhi, stationCode=demo, dealerName=demo, contactNumber=demo,  (truncated)...]
2026-02-22 07:59:35.980 DEBUG [http-nio-8080-exec-7] o.s.web.servlet.DispatcherServlet : Completed 200 OK
2026-02-22 07:59:35.981 INFO  [http-nio-8080-exec-7] c.d.p.c.RequestResponseLoggingFilter : REQUEST: method=GET, uri=/api/station/config, headers={sec-fetch-mode=cors, referer=http://localhost:5173/, sec-fetch-site=same-site, accept-language=en-GB,en-US;q=0.9,en;q=0.8, cookie=JSESSIONID=828BDDD4104F79F0D8FB58CD95D0D3E9, origin=http://localhost:5173, dnt=1, accept=application/json, text/plain, */*, authorization=Bearer 8681c15b-92e0-4c24-b748-aa48564ce423, sec-ch-ua="Chromium";v="142", "Google Chrome";v="142", "Not_A Brand";v="99", sec-ch-ua-mobile=?0, sec-ch-ua-platform="Linux", host=localhost:8080, connection=keep-alive, accept-encoding=gzip, deflate, br, zstd, user-agent=Mozilla/5.0 (X11; Linux x86_64) AppleWebKit/537.36 (KHTML, like Gecko) Chrome/142.0.0.0 Safari/537.36, sec-fetch-dest=empty}, payload=
2026-02-22 07:59:35.981 INFO  [http-nio-8080-exec-7] c.d.p.c.RequestResponseLoggingFilter : RESPONSE: status=200, payload={"id":1,"stationName":"OmSaiSiddhi","stationCode":"demo","dealerName":"demo","contactNumber":"demo","email":"demo@gmail.com","address":"demo","createdAt":"2026-02-04","configuration":"{\"shifts\": [\"Day\", \"Night\"], \"stationName\": \"OmSaiSiddhi\", \"isConfigured\": true, \"dispensingUnits\": [{\"id\": 1, \"name\": \"DU 1\", \"nozzles\": [{\"id\": \"A1\", \"productType\": \"Petrol\"}, {\"id\": \"A2\", \"productType\": \"Petrol\"}]}, {\"id\": 2, \"name\": \"DU 2\", \"nozzles\": [{\"id\": \"V1\", \"productType\": \"Diesel\"}, {\"id\": \"V2\", \"productType\": \"Diesel\"}]}]}"}, time_ms=8
2026-02-22 07:59:35.985 DEBUG [http-nio-8080-exec-8] o.s.w.s.m.m.a.HttpEntityMethodProcessor : Using 'application/json', given [application/json, text/plain, */*] and supported [*/*]
2026-02-22 07:59:35.986 DEBUG [http-nio-8080-exec-8] o.s.web.servlet.DispatcherServlet : Completed 200 OK
2026-02-22 07:59:35.986 INFO  [http-nio-8080-exec-8] c.d.p.c.RequestResponseLoggingFilter : REQUEST: method=GET, uri=/api/dsr, headers={sec-fetch-mode=cors, referer=http://localhost:5173/, sec-fetch-site=same-site, accept-language=en-GB,en-US;q=0.9,en;q=0.8, cookie=JSESSIONID=828BDDD4104F79F0D8FB58CD95D0D3E9, origin=http://localhost:5173, dnt=1, accept=application/json, text/plain, */*, authorization=Bearer 8681c15b-92e0-4c24-b748-aa48564ce423, sec-ch-ua="Chromium";v="142", "Google Chrome";v="142", "Not_A Brand";v="99", sec-ch-ua-mobile=?0, sec-ch-ua-platform="Linux", host=localhost:8080, connection=keep-alive, accept-encoding=gzip, deflate, br, zstd, user-agent=Mozilla/5.0 (X11; Linux x86_64) AppleWebKit/537.36 (KHTML, like Gecko) Chrome/142.0.0.0 Safari/537.36, sec-fetch-dest=empty}, payload=
2026-02-22 07:59:35.986 INFO  [http-nio-8080-exec-8] c.d.p.c.RequestResponseLoggingFilter : RESPONSE: status=200, payload=, time_ms=10
2026-02-22 07:59:35.990 DEBUG [http-nio-8080-exec-9] o.s.web.servlet.DispatcherServlet : GET "/api/dsr?date=2026-02-22&shift=Day", parameters={masked}
2026-02-22 07:59:35.991 DEBUG [http-nio-8080-exec-9] o.s.w.s.m.m.a.RequestMappingHandlerMapping : Mapped to com.deccan.petroconnect.controllers.DsrController#getDsrShift(String, String)
2026-02-22 07:59:35.993 DEBUG [http-nio-8080-exec-10] o.s.web.servlet.DispatcherServlet : GET "/api/dsr?date=2026-02-21&shift=Night", parameters={masked}
2026-02-22 07:59:35.993 DEBUG [http-nio-8080-exec-10] o.s.w.s.m.m.a.RequestMappingHandlerMapping : Mapped to com.deccan.petroconnect.controllers.DsrController#getDsrShift(String, String)
2026-02-22 07:59:35.994 DEBUG [http-nio-8080-exec-9] o.s.w.s.m.m.a.HttpEntityMethodProcessor : Using 'application/json', given [application/json, text/plain, */*] and supported [*/*]
2026-02-22 07:59:35.995 DEBUG [http-nio-8080-exec-9] o.s.web.servlet.DispatcherServlet : Completed 200 OK
2026-02-22 07:59:35.995 INFO  [http-nio-8080-exec-9] c.d.p.c.RequestResponseLoggingFilter : REQUEST: method=GET, uri=/api/dsr, headers={sec-fetch-mode=cors, referer=http://localhost:5173/, sec-fetch-site=same-site, accept-language=en-GB,en-US;q=0.9,en;q=0.8, cookie=JSESSIONID=828BDDD4104F79F0D8FB58CD95D0D3E9, origin=http://localhost:5173, dnt=1, accept=application/json, text/plain, */*, authorization=Bearer 8681c15b-92e0-4c24-b748-aa48564ce423, sec-ch-ua="Chromium";v="142", "Google Chrome";v="142", "Not_A Brand";v="99", sec-ch-ua-mobile=?0, sec-ch-ua-platform="Linux", host=localhost:8080, connection=keep-alive, accept-encoding=gzip, deflate, br, zstd, user-agent=Mozilla/5.0 (X11; Linux x86_64) AppleWebKit/537.36 (KHTML, like Gecko) Chrome/142.0.0.0 Safari/537.36, sec-fetch-dest=empty}, payload=
2026-02-22 07:59:35.995 INFO  [http-nio-8080-exec-9] c.d.p.c.RequestResponseLoggingFilter : RESPONSE: status=200, payload=, time_ms=5
2026-02-22 07:59:35.996 DEBUG [http-nio-8080-exec-10] o.s.w.s.m.m.a.HttpEntityMethodProcessor : Using 'application/json', given [application/json, text/plain, */*] and supported [*/*]
2026-02-22 07:59:35.997 DEBUG [http-nio-8080-exec-10] o.s.web.servlet.DispatcherServlet : Completed 200 OK
2026-02-22 07:59:35.997 INFO  [http-nio-8080-exec-10] c.d.p.c.RequestResponseLoggingFilter : REQUEST: method=GET, uri=/api/dsr, headers={sec-fetch-mode=cors, referer=http://localhost:5173/, sec-fetch-site=same-site, accept-language=en-GB,en-US;q=0.9,en;q=0.8, cookie=JSESSIONID=828BDDD4104F79F0D8FB58CD95D0D3E9, origin=http://localhost:5173, dnt=1, accept=application/json, text/plain, */*, authorization=Bearer 8681c15b-92e0-4c24-b748-aa48564ce423, sec-ch-ua="Chromium";v="142", "Google Chrome";v="142", "Not_A Brand";v="99", sec-ch-ua-mobile=?0, sec-ch-ua-platform="Linux", host=localhost:8080, connection=keep-alive, accept-encoding=gzip, deflate, br, zstd, user-agent=Mozilla/5.0 (X11; Linux x86_64) AppleWebKit/537.36 (KHTML, like Gecko) Chrome/142.0.0.0 Safari/537.36, sec-fetch-dest=empty}, payload=
2026-02-22 07:59:35.998 INFO  [http-nio-8080-exec-10] c.d.p.c.RequestResponseLoggingFilter : RESPONSE: status=200, payload=, time_ms=4
2026-02-22 07:59:36.002 DEBUG [http-nio-8080-exec-1] o.s.web.servlet.DispatcherServlet : GET "/api/dsr?date=2026-02-21&shift=Night", parameters={masked}
2026-02-22 07:59:36.002 DEBUG [http-nio-8080-exec-1] o.s.w.s.m.m.a.RequestMappingHandlerMapping : Mapped to com.deccan.petroconnect.controllers.DsrController#getDsrShift(String, String)
2026-02-22 07:59:36.006 DEBUG [http-nio-8080-exec-1] o.s.w.s.m.m.a.HttpEntityMethodProcessor : Using 'application/json', given [application/json, text/plain, */*] and supported [*/*]
2026-02-22 07:59:36.006 DEBUG [http-nio-8080-exec-1] o.s.web.servlet.DispatcherServlet : Completed 200 OK
2026-02-22 07:59:36.007 INFO  [http-nio-8080-exec-1] c.d.p.c.RequestResponseLoggingFilter : REQUEST: method=GET, uri=/api/dsr, headers={sec-fetch-mode=cors, referer=http://localhost:5173/, sec-fetch-site=same-site, accept-language=en-GB,en-US;q=0.9,en;q=0.8, cookie=JSESSIONID=828BDDD4104F79F0D8FB58CD95D0D3E9, origin=http://localhost:5173, dnt=1, accept=application/json, text/plain, */*, authorization=Bearer 8681c15b-92e0-4c24-b748-aa48564ce423, sec-ch-ua="Chromium";v="142", "Google Chrome";v="142", "Not_A Brand";v="99", sec-ch-ua-mobile=?0, sec-ch-ua-platform="Linux", host=localhost:8080, connection=keep-alive, accept-encoding=gzip, deflate, br, zstd, user-agent=Mozilla/5.0 (X11; Linux x86_64) AppleWebKit/537.36 (KHTML, like Gecko) Chrome/142.0.0.0 Safari/537.36, sec-fetch-dest=empty}, payload=
2026-02-22 07:59:36.007 INFO  [http-nio-8080-exec-1] c.d.p.c.RequestResponseLoggingFilter : RESPONSE: status=200, payload=, time_ms=5
2026-02-22 07:59:42.255 DEBUG [http-nio-8080-exec-2] o.s.web.servlet.DispatcherServlet : GET "/api/dsr/consolidated?month=2&year=2026", parameters={masked}
2026-02-22 07:59:42.255 DEBUG [http-nio-8080-exec-2] o.s.w.s.m.m.a.RequestMappingHandlerMapping : Mapped to com.deccan.petroconnect.controllers.DsrController#getConsolidatedReport(int, int)
2026-02-22 07:59:42.295 DEBUG [http-nio-8080-exec-2] o.s.w.s.m.m.a.HttpEntityMethodProcessor : Using 'application/json', given [application/json, text/plain, */*] and supported [application/json, application/*+json]
2026-02-22 07:59:42.295 DEBUG [http-nio-8080-exec-2] o.s.w.s.m.m.a.HttpEntityMethodProcessor : Writing [[{date=2026-02-04, totalAmount=162137.66920000224, dieselAmount=99545.86720000468, petrolRate=104.52 (truncated)...]
2026-02-22 07:59:42.302 DEBUG [http-nio-8080-exec-2] o.s.web.servlet.DispatcherServlet : Completed 200 OK
2026-02-22 07:59:42.302 INFO  [http-nio-8080-exec-2] c.d.p.c.RequestResponseLoggingFilter : REQUEST: method=GET, uri=/api/dsr/consolidated, headers={sec-fetch-mode=cors, referer=http://localhost:5173/, sec-fetch-site=same-site, accept-language=en-GB,en-US;q=0.9,en;q=0.8, cookie=JSESSIONID=828BDDD4104F79F0D8FB58CD95D0D3E9, origin=http://localhost:5173, dnt=1, accept=application/json, text/plain, */*, authorization=Bearer 8681c15b-92e0-4c24-b748-aa48564ce423, sec-ch-ua="Chromium";v="142", "Google Chrome";v="142", "Not_A Brand";v="99", sec-ch-ua-mobile=?0, sec-ch-ua-platform="Linux", host=localhost:8080, connection=keep-alive, accept-encoding=gzip, deflate, br, zstd, user-agent=Mozilla/5.0 (X11; Linux x86_64) AppleWebKit/537.36 (KHTML, like Gecko) Chrome/142.0.0.0 Safari/537.36, sec-fetch-dest=empty}, payload=
2026-02-22 07:59:42.302 INFO  [http-nio-8080-exec-2] c.d.p.c.RequestResponseLoggingFilter : RESPONSE: status=200, payload=[{"date":"2026-02-04","totalAmount":162137.66920000224,"dieselAmount":99545.86720000468,"petrolRate":104.52,"dieselVolume":1093.4300000000512,"petrolVolume":598.8499999999767,"dieselRate":91.04000000000002,"petrolAmount":62591.801999997566},{"date":"2026-02-05","totalAmount":136115.35520000098,"dieselAmount":68097.92,"petrolRate":104.52,"dieselVolume":748.0,"petrolVolume":650.7600000000093,"dieselRate":91.03999999999999,"petrolAmount":68017.43520000097},{"date":"2026-02-06","totalAmount":124029.88319999841,"dieselAmount":45359.769599999156,"petrolRate":104.51999999999998,"dieselVolume":498.2399999999907,"petrolVolume":752.679999999993,"dieselRate":91.04,"petrolAmount":78670.11359999925},{"date":"2026-02-07","totalAmount":204755.85119999194,"dieselAmount":120721.77119999196,"petrolRate":104.52,"dieselVolume":1326.0299999999115,"petrolVolume":804.0,"dieselRate":91.04,"petrolAmount":84034.08},{"date":"2026-02-08","totalAmount":121895.31159999178,"dieselAmount":61011.36640000297,"petrolRate":104.52,"dieselVolume":670.1600000000326,"petrolVolume":582.5099999998929,"dieselRate":91.04,"petrolAmount":60883.945199988804}], time_ms=47
2026-02-22 07:59:42.307 DEBUG [http-nio-8080-exec-3] o.s.web.servlet.DispatcherServlet : GET "/api/dsr/consolidated?month=2&year=2026", parameters={masked}
2026-02-22 07:59:42.308 DEBUG [http-nio-8080-exec-3] o.s.w.s.m.m.a.RequestMappingHandlerMapping : Mapped to com.deccan.petroconnect.controllers.DsrController#getConsolidatedReport(int, int)
2026-02-22 07:59:42.317 DEBUG [http-nio-8080-exec-3] o.s.w.s.m.m.a.HttpEntityMethodProcessor : Using 'application/json', given [application/json, text/plain, */*] and supported [application/json, application/*+json]
2026-02-22 07:59:42.318 DEBUG [http-nio-8080-exec-3] o.s.w.s.m.m.a.HttpEntityMethodProcessor : Writing [[{date=2026-02-04, totalAmount=162137.66920000224, dieselAmount=99545.86720000468, petrolRate=104.52 (truncated)...]
2026-02-22 07:59:42.319 DEBUG [http-nio-8080-exec-3] o.s.web.servlet.DispatcherServlet : Completed 200 OK
2026-02-22 07:59:42.319 INFO  [http-nio-8080-exec-3] c.d.p.c.RequestResponseLoggingFilter : REQUEST: method=GET, uri=/api/dsr/consolidated, headers={sec-fetch-mode=cors, referer=http://localhost:5173/, sec-fetch-site=same-site, accept-language=en-GB,en-US;q=0.9,en;q=0.8, cookie=JSESSIONID=828BDDD4104F79F0D8FB58CD95D0D3E9, origin=http://localhost:5173, dnt=1, accept=application/json, text/plain, */*, authorization=Bearer 8681c15b-92e0-4c24-b748-aa48564ce423, sec-ch-ua="Chromium";v="142", "Google Chrome";v="142", "Not_A Brand";v="99", sec-ch-ua-mobile=?0, sec-ch-ua-platform="Linux", host=localhost:8080, connection=keep-alive, accept-encoding=gzip, deflate, br, zstd, user-agent=Mozilla/5.0 (X11; Linux x86_64) AppleWebKit/537.36 (KHTML, like Gecko) Chrome/142.0.0.0 Safari/537.36, sec-fetch-dest=empty}, payload=
2026-02-22 07:59:42.319 INFO  [http-nio-8080-exec-3] c.d.p.c.RequestResponseLoggingFilter : RESPONSE: status=200, payload=[{"date":"2026-02-04","totalAmount":162137.66920000224,"dieselAmount":99545.86720000468,"petrolRate":104.52,"dieselVolume":1093.4300000000512,"petrolVolume":598.8499999999767,"dieselRate":91.04000000000002,"petrolAmount":62591.801999997566},{"date":"2026-02-05","totalAmount":136115.35520000098,"dieselAmount":68097.92,"petrolRate":104.52,"dieselVolume":748.0,"petrolVolume":650.7600000000093,"dieselRate":91.03999999999999,"petrolAmount":68017.43520000097},{"date":"2026-02-06","totalAmount":124029.88319999841,"dieselAmount":45359.769599999156,"petrolRate":104.51999999999998,"dieselVolume":498.2399999999907,"petrolVolume":752.679999999993,"dieselRate":91.04,"petrolAmount":78670.11359999925},{"date":"2026-02-07","totalAmount":204755.85119999194,"dieselAmount":120721.77119999196,"petrolRate":104.52,"dieselVolume":1326.0299999999115,"petrolVolume":804.0,"dieselRate":91.04,"petrolAmount":84034.08},{"date":"2026-02-08","totalAmount":121895.31159999178,"dieselAmount":61011.36640000297,"petrolRate":104.52,"dieselVolume":670.1600000000326,"petrolVolume":582.5099999998929,"dieselRate":91.04,"petrolAmount":60883.945199988804}], time_ms=12
2026-02-22 07:59:44.281 DEBUG [http-nio-8080-exec-4] o.s.web.servlet.DispatcherServlet : GET "/api/dsr/analytics?startDate=2026-01-23&endDate=2026-02-22", parameters={masked}
2026-02-22 07:59:44.282 DEBUG [http-nio-8080-exec-4] o.s.w.s.m.m.a.RequestMappingHandlerMapping : Mapped to com.deccan.petroconnect.controllers.DsrController#getAnalytics(String, String)
2026-02-22 07:59:44.326 DEBUG [http-nio-8080-exec-4] o.s.w.s.m.m.a.HttpEntityMethodProcessor : Using 'application/json', given [application/json, text/plain, */*] and supported [application/json, application/*+json]
2026-02-22 07:59:44.327 DEBUG [http-nio-8080-exec-4] o.s.w.s.m.m.a.HttpEntityMethodProcessor : Writing [[org.springframework.data.jpa.repository.query.AbstractJpaQuery$TupleConverter$TupleBackedMap@495319 (truncated)...]
2026-02-22 07:59:44.334 DEBUG [http-nio-8080-exec-4] o.s.web.servlet.DispatcherServlet : Completed 200 OK
2026-02-22 07:59:44.334 INFO  [http-nio-8080-exec-4] c.d.p.c.RequestResponseLoggingFilter : REQUEST: method=GET, uri=/api/dsr/analytics, headers={sec-fetch-mode=cors, referer=http://localhost:5173/, sec-fetch-site=same-site, accept-language=en-GB,en-US;q=0.9,en;q=0.8, cookie=JSESSIONID=828BDDD4104F79F0D8FB58CD95D0D3E9, origin=http://localhost:5173, dnt=1, accept=application/json, text/plain, */*, authorization=Bearer 8681c15b-92e0-4c24-b748-aa48564ce423, sec-ch-ua="Chromium";v="142", "Google Chrome";v="142", "Not_A Brand";v="99", sec-ch-ua-mobile=?0, sec-ch-ua-platform="Linux", host=localhost:8080, connection=keep-alive, accept-encoding=gzip, deflate, br, zstd, user-agent=Mozilla/5.0 (X11; Linux x86_64) AppleWebKit/537.36 (KHTML, like Gecko) Chrome/142.0.0.0 Safari/537.36, sec-fetch-dest=empty}, payload=
2026-02-22 07:59:44.334 INFO  [http-nio-8080-exec-4] c.d.p.c.RequestResponseLoggingFilter : RESPONSE: status=200, payload=[{"date":"2026-02-04","petrolVolume":598.8499999999767,"petrolAmount":62591.801999997566,"dieselVolume":1093.4300000000512,"dieselAmount":99545.86720000466,"totalRevenue":162137.66920000224},{"date":"2026-02-05","petrolVolume":650.7600000000093,"petrolAmount":68017.43520000097,"dieselVolume":748.0,"dieselAmount":68097.92000000001,"totalRevenue":136115.35520000098},{"date":"2026-02-06","petrolVolume":752.679999999993,"petrolAmount":78670.11359999925,"dieselVolume":498.2399999999907,"dieselAmount":45359.769599999156,"totalRevenue":124029.88319999841},{"date":"2026-02-07","petrolVolume":804.0,"petrolAmount":84034.08,"dieselVolume":1326.0299999999115,"dieselAmount":120721.77119999196,"totalRevenue":204755.85119999194},{"date":"2026-02-08","petrolVolume":582.5099999998929,"petrolAmount":60883.945199988804,"dieselVolume":670.1600000000326,"dieselAmount":61011.36640000297,"totalRevenue":121895.31159999178}], time_ms=53
2026-02-22 07:59:44.338 DEBUG [http-nio-8080-exec-5] o.s.web.servlet.DispatcherServlet : GET "/api/dsr/analytics?startDate=2026-01-23&endDate=2026-02-22", parameters={masked}
2026-02-22 07:59:44.338 DEBUG [http-nio-8080-exec-5] o.s.w.s.m.m.a.RequestMappingHandlerMapping : Mapped to com.deccan.petroconnect.controllers.DsrController#getAnalytics(String, String)
2026-02-22 07:59:44.342 DEBUG [http-nio-8080-exec-5] o.s.w.s.m.m.a.HttpEntityMethodProcessor : Using 'application/json', given [application/json, text/plain, */*] and supported [application/json, application/*+json]
2026-02-22 07:59:44.343 DEBUG [http-nio-8080-exec-5] o.s.w.s.m.m.a.HttpEntityMethodProcessor : Writing [[org.springframework.data.jpa.repository.query.AbstractJpaQuery$TupleConverter$TupleBackedMap@61cf4b (truncated)...]
2026-02-22 07:59:44.345 DEBUG [http-nio-8080-exec-5] o.s.web.servlet.DispatcherServlet : Completed 200 OK
2026-02-22 07:59:44.345 INFO  [http-nio-8080-exec-5] c.d.p.c.RequestResponseLoggingFilter : REQUEST: method=GET, uri=/api/dsr/analytics, headers={sec-fetch-mode=cors, referer=http://localhost:5173/, sec-fetch-site=same-site, accept-language=en-GB,en-US;q=0.9,en;q=0.8, cookie=JSESSIONID=828BDDD4104F79F0D8FB58CD95D0D3E9, origin=http://localhost:5173, dnt=1, accept=application/json, text/plain, */*, authorization=Bearer 8681c15b-92e0-4c24-b748-aa48564ce423, sec-ch-ua="Chromium";v="142", "Google Chrome";v="142", "Not_A Brand";v="99", sec-ch-ua-mobile=?0, sec-ch-ua-platform="Linux", host=localhost:8080, connection=keep-alive, accept-encoding=gzip, deflate, br, zstd, user-agent=Mozilla/5.0 (X11; Linux x86_64) AppleWebKit/537.36 (KHTML, like Gecko) Chrome/142.0.0.0 Safari/537.36, sec-fetch-dest=empty}, payload=
2026-02-22 07:59:44.345 INFO  [http-nio-8080-exec-5] c.d.p.c.RequestResponseLoggingFilter : RESPONSE: status=200, payload=[{"date":"2026-02-04","petrolVolume":598.8499999999767,"petrolAmount":62591.801999997566,"dieselVolume":1093.4300000000512,"dieselAmount":99545.86720000466,"totalRevenue":162137.66920000224},{"date":"2026-02-05","petrolVolume":650.7600000000093,"petrolAmount":68017.43520000097,"dieselVolume":748.0,"dieselAmount":68097.92000000001,"totalRevenue":136115.35520000098},{"date":"2026-02-06","petrolVolume":752.679999999993,"petrolAmount":78670.11359999925,"dieselVolume":498.2399999999907,"dieselAmount":45359.769599999156,"totalRevenue":124029.88319999841},{"date":"2026-02-07","petrolVolume":804.0,"petrolAmount":84034.08,"dieselVolume":1326.0299999999115,"dieselAmount":120721.77119999196,"totalRevenue":204755.85119999194},{"date":"2026-02-08","petrolVolume":582.5099999998929,"petrolAmount":60883.945199988804,"dieselVolume":670.1600000000326,"dieselAmount":61011.36640000297,"totalRevenue":121895.31159999178}], time_ms=7
2026-02-22 07:59:45.054 DEBUG [http-nio-8080-exec-6] o.s.web.servlet.DispatcherServlet : GET "/api/station/config?username=demo", parameters={masked}
2026-02-22 07:59:45.054 DEBUG [http-nio-8080-exec-6] o.s.w.s.m.m.a.RequestMappingHandlerMapping : Mapped to com.deccan.petroconnect.controllers.PetrolStationController#getStationConfig(String)
2026-02-22 07:59:45.059 DEBUG [http-nio-8080-exec-6] o.s.w.s.m.m.a.HttpEntityMethodProcessor : Using 'application/json', given [application/json, text/plain, */*] and supported [application/json, application/*+json]
2026-02-22 07:59:45.059 DEBUG [http-nio-8080-exec-6] o.s.w.s.m.m.a.HttpEntityMethodProcessor : Writing [PetrolStation(id=1, stationName=OmSaiSiddhi, stationCode=demo, dealerName=demo, contactNumber=demo,  (truncated)...]
2026-02-22 07:59:45.060 DEBUG [http-nio-8080-exec-6] o.s.web.servlet.DispatcherServlet : Completed 200 OK
2026-02-22 07:59:45.061 INFO  [http-nio-8080-exec-6] c.d.p.c.RequestResponseLoggingFilter : REQUEST: method=GET, uri=/api/station/config, headers={sec-fetch-mode=cors, referer=http://localhost:5173/, sec-fetch-site=same-site, accept-language=en-GB,en-US;q=0.9,en;q=0.8, cookie=JSESSIONID=828BDDD4104F79F0D8FB58CD95D0D3E9, origin=http://localhost:5173, dnt=1, accept=application/json, text/plain, */*, authorization=Bearer 8681c15b-92e0-4c24-b748-aa48564ce423, sec-ch-ua="Chromium";v="142", "Google Chrome";v="142", "Not_A Brand";v="99", sec-ch-ua-mobile=?0, sec-ch-ua-platform="Linux", host=localhost:8080, connection=keep-alive, accept-encoding=gzip, deflate, br, zstd, user-agent=Mozilla/5.0 (X11; Linux x86_64) AppleWebKit/537.36 (KHTML, like Gecko) Chrome/142.0.0.0 Safari/537.36, sec-fetch-dest=empty}, payload=
2026-02-22 07:59:45.061 INFO  [http-nio-8080-exec-6] c.d.p.c.RequestResponseLoggingFilter : RESPONSE: status=200, payload={"id":1,"stationName":"OmSaiSiddhi","stationCode":"demo","dealerName":"demo","contactNumber":"demo","email":"demo@gmail.com","address":"demo","createdAt":"2026-02-04","configuration":"{\"shifts\": [\"Day\", \"Night\"], \"stationName\": \"OmSaiSiddhi\", \"isConfigured\": true, \"dispensingUnits\": [{\"id\": 1, \"name\": \"DU 1\", \"nozzles\": [{\"id\": \"A1\", \"productType\": \"Petrol\"}, {\"id\": \"A2\", \"productType\": \"Petrol\"}]}, {\"id\": 2, \"name\": \"DU 2\", \"nozzles\": [{\"id\": \"V1\", \"productType\": \"Diesel\"}, {\"id\": \"V2\", \"productType\": \"Diesel\"}]}]}"}, time_ms=6
2026-02-22 07:59:45.064 DEBUG [http-nio-8080-exec-7] o.s.web.servlet.DispatcherServlet : GET "/api/station/config?username=demo", parameters={masked}
2026-02-22 07:59:45.065 DEBUG [http-nio-8080-exec-7] o.s.w.s.m.m.a.RequestMappingHandlerMapping : Mapped to com.deccan.petroconnect.controllers.PetrolStationController#getStationConfig(String)
2026-02-22 07:59:45.069 DEBUG [http-nio-8080-exec-7] o.s.w.s.m.m.a.HttpEntityMethodProcessor : Using 'application/json', given [application/json, text/plain, */*] and supported [application/json, application/*+json]
2026-02-22 07:59:45.070 DEBUG [http-nio-8080-exec-7] o.s.w.s.m.m.a.HttpEntityMethodProcessor : Writing [PetrolStation(id=1, stationName=OmSaiSiddhi, stationCode=demo, dealerName=demo, contactNumber=demo,  (truncated)...]
2026-02-22 07:59:45.070 DEBUG [http-nio-8080-exec-7] o.s.web.servlet.DispatcherServlet : Completed 200 OK
2026-02-22 07:59:45.070 INFO  [http-nio-8080-exec-7] c.d.p.c.RequestResponseLoggingFilter : REQUEST: method=GET, uri=/api/station/config, headers={sec-fetch-mode=cors, referer=http://localhost:5173/, sec-fetch-site=same-site, accept-language=en-GB,en-US;q=0.9,en;q=0.8, cookie=JSESSIONID=828BDDD4104F79F0D8FB58CD95D0D3E9, origin=http://localhost:5173, dnt=1, accept=application/json, text/plain, */*, authorization=Bearer 8681c15b-92e0-4c24-b748-aa48564ce423, sec-ch-ua="Chromium";v="142", "Google Chrome";v="142", "Not_A Brand";v="99", sec-ch-ua-mobile=?0, sec-ch-ua-platform="Linux", host=localhost:8080, connection=keep-alive, accept-encoding=gzip, deflate, br, zstd, user-agent=Mozilla/5.0 (X11; Linux x86_64) AppleWebKit/537.36 (KHTML, like Gecko) Chrome/142.0.0.0 Safari/537.36, sec-fetch-dest=empty}, payload=
2026-02-22 07:59:45.070 INFO  [http-nio-8080-exec-7] c.d.p.c.RequestResponseLoggingFilter : RESPONSE: status=200, payload={"id":1,"stationName":"OmSaiSiddhi","stationCode":"demo","dealerName":"demo","contactNumber":"demo","email":"demo@gmail.com","address":"demo","createdAt":"2026-02-04","configuration":"{\"shifts\": [\"Day\", \"Night\"], \"stationName\": \"OmSaiSiddhi\", \"isConfigured\": true, \"dispensingUnits\": [{\"id\": 1, \"name\": \"DU 1\", \"nozzles\": [{\"id\": \"A1\", \"productType\": \"Petrol\"}, {\"id\": \"A2\", \"productType\": \"Petrol\"}]}, {\"id\": 2, \"name\": \"DU 2\", \"nozzles\": [{\"id\": \"V1\", \"productType\": \"Diesel\"}, {\"id\": \"V2\", \"productType\": \"Diesel\"}]}]}"}, time_ms=6
2026-02-22 07:59:45.792 DEBUG [http-nio-8080-exec-8] o.s.web.servlet.DispatcherServlet : GET "/api/dsr/analytics?startDate=2026-01-23&endDate=2026-02-22", parameters={masked}
2026-02-22 07:59:45.792 DEBUG [http-nio-8080-exec-8] o.s.w.s.m.m.a.RequestMappingHandlerMapping : Mapped to com.deccan.petroconnect.controllers.DsrController#getAnalytics(String, String)
2026-02-22 07:59:45.797 DEBUG [http-nio-8080-exec-8] o.s.w.s.m.m.a.HttpEntityMethodProcessor : Using 'application/json', given [application/json, text/plain, */*] and supported [application/json, application/*+json]
2026-02-22 07:59:45.797 DEBUG [http-nio-8080-exec-8] o.s.w.s.m.m.a.HttpEntityMethodProcessor : Writing [[org.springframework.data.jpa.repository.query.AbstractJpaQuery$TupleConverter$TupleBackedMap@142a0a (truncated)...]
2026-02-22 07:59:45.800 DEBUG [http-nio-8080-exec-8] o.s.web.servlet.DispatcherServlet : Completed 200 OK
2026-02-22 07:59:45.800 INFO  [http-nio-8080-exec-8] c.d.p.c.RequestResponseLoggingFilter : REQUEST: method=GET, uri=/api/dsr/analytics, headers={sec-fetch-mode=cors, referer=http://localhost:5173/, sec-fetch-site=same-site, accept-language=en-GB,en-US;q=0.9,en;q=0.8, cookie=JSESSIONID=828BDDD4104F79F0D8FB58CD95D0D3E9, origin=http://localhost:5173, dnt=1, accept=application/json, text/plain, */*, authorization=Bearer 8681c15b-92e0-4c24-b748-aa48564ce423, sec-ch-ua="Chromium";v="142", "Google Chrome";v="142", "Not_A Brand";v="99", sec-ch-ua-mobile=?0, sec-ch-ua-platform="Linux", host=localhost:8080, connection=keep-alive, accept-encoding=gzip, deflate, br, zstd, user-agent=Mozilla/5.0 (X11; Linux x86_64) AppleWebKit/537.36 (KHTML, like Gecko) Chrome/142.0.0.0 Safari/537.36, sec-fetch-dest=empty}, payload=
2026-02-22 07:59:45.800 INFO  [http-nio-8080-exec-8] c.d.p.c.RequestResponseLoggingFilter : RESPONSE: status=200, payload=[{"date":"2026-02-04","petrolVolume":598.8499999999767,"petrolAmount":62591.801999997566,"dieselVolume":1093.4300000000512,"dieselAmount":99545.86720000466,"totalRevenue":162137.66920000224},{"date":"2026-02-05","petrolVolume":650.7600000000093,"petrolAmount":68017.43520000097,"dieselVolume":748.0,"dieselAmount":68097.92000000001,"totalRevenue":136115.35520000098},{"date":"2026-02-06","petrolVolume":752.679999999993,"petrolAmount":78670.11359999925,"dieselVolume":498.2399999999907,"dieselAmount":45359.769599999156,"totalRevenue":124029.88319999841},{"date":"2026-02-07","petrolVolume":804.0,"petrolAmount":84034.08,"dieselVolume":1326.0299999999115,"dieselAmount":120721.77119999196,"totalRevenue":204755.85119999194},{"date":"2026-02-08","petrolVolume":582.5099999998929,"petrolAmount":60883.945199988804,"dieselVolume":670.1600000000326,"dieselAmount":61011.36640000297,"totalRevenue":121895.31159999178}], time_ms=9
2026-02-22 07:59:45.805 DEBUG [http-nio-8080-exec-9] o.s.web.servlet.DispatcherServlet : GET "/api/dsr/analytics?startDate=2026-01-23&endDate=2026-02-22", parameters={masked}
2026-02-22 07:59:45.805 DEBUG [http-nio-8080-exec-9] o.s.w.s.m.m.a.RequestMappingHandlerMapping : Mapped to com.deccan.petroconnect.controllers.DsrController#getAnalytics(String, String)
2026-02-22 07:59:45.810 DEBUG [http-nio-8080-exec-9] o.s.w.s.m.m.a.HttpEntityMethodProcessor : Using 'application/json', given [application/json, text/plain, */*] and supported [application/json, application/*+json]
2026-02-22 07:59:45.810 DEBUG [http-nio-8080-exec-9] o.s.w.s.m.m.a.HttpEntityMethodProcessor : Writing [[org.springframework.data.jpa.repository.query.AbstractJpaQuery$TupleConverter$TupleBackedMap@5c4453 (truncated)...]
2026-02-22 07:59:45.812 DEBUG [http-nio-8080-exec-9] o.s.web.servlet.DispatcherServlet : Completed 200 OK
2026-02-22 07:59:45.813 INFO  [http-nio-8080-exec-9] c.d.p.c.RequestResponseLoggingFilter : REQUEST: method=GET, uri=/api/dsr/analytics, headers={sec-fetch-mode=cors, referer=http://localhost:5173/, sec-fetch-site=same-site, accept-language=en-GB,en-US;q=0.9,en;q=0.8, cookie=JSESSIONID=828BDDD4104F79F0D8FB58CD95D0D3E9, origin=http://localhost:5173, dnt=1, accept=application/json, text/plain, */*, authorization=Bearer 8681c15b-92e0-4c24-b748-aa48564ce423, sec-ch-ua="Chromium";v="142", "Google Chrome";v="142", "Not_A Brand";v="99", sec-ch-ua-mobile=?0, sec-ch-ua-platform="Linux", host=localhost:8080, connection=keep-alive, accept-encoding=gzip, deflate, br, zstd, user-agent=Mozilla/5.0 (X11; Linux x86_64) AppleWebKit/537.36 (KHTML, like Gecko) Chrome/142.0.0.0 Safari/537.36, sec-fetch-dest=empty}, payload=
2026-02-22 07:59:45.813 INFO  [http-nio-8080-exec-9] c.d.p.c.RequestResponseLoggingFilter : RESPONSE: status=200, payload=[{"date":"2026-02-04","petrolVolume":598.8499999999767,"petrolAmount":62591.801999997566,"dieselVolume":1093.4300000000512,"dieselAmount":99545.86720000466,"totalRevenue":162137.66920000224},{"date":"2026-02-05","petrolVolume":650.7600000000093,"petrolAmount":68017.43520000097,"dieselVolume":748.0,"dieselAmount":68097.92000000001,"totalRevenue":136115.35520000098},{"date":"2026-02-06","petrolVolume":752.679999999993,"petrolAmount":78670.11359999925,"dieselVolume":498.2399999999907,"dieselAmount":45359.769599999156,"totalRevenue":124029.88319999841},{"date":"2026-02-07","petrolVolume":804.0,"petrolAmount":84034.08,"dieselVolume":1326.0299999999115,"dieselAmount":120721.77119999196,"totalRevenue":204755.85119999194},{"date":"2026-02-08","petrolVolume":582.5099999998929,"petrolAmount":60883.945199988804,"dieselVolume":670.1600000000326,"dieselAmount":61011.36640000297,"totalRevenue":121895.31159999178}], time_ms=8
2026-02-22 07:59:46.443 DEBUG [http-nio-8080-exec-10] o.s.web.servlet.DispatcherServlet : GET "/api/dsr/consolidated?month=2&year=2026", parameters={masked}
2026-02-22 07:59:46.444 DEBUG [http-nio-8080-exec-10] o.s.w.s.m.m.a.RequestMappingHandlerMapping : Mapped to com.deccan.petroconnect.controllers.DsrController#getConsolidatedReport(int, int)
2026-02-22 07:59:46.453 DEBUG [http-nio-8080-exec-10] o.s.w.s.m.m.a.HttpEntityMethodProcessor : Using 'application/json', given [application/json, text/plain, */*] and supported [application/json, application/*+json]
2026-02-22 07:59:46.453 DEBUG [http-nio-8080-exec-10] o.s.w.s.m.m.a.HttpEntityMethodProcessor : Writing [[{date=2026-02-04, totalAmount=162137.66920000224, dieselAmount=99545.86720000468, petrolRate=104.52 (truncated)...]
2026-02-22 07:59:46.454 DEBUG [http-nio-8080-exec-10] o.s.web.servlet.DispatcherServlet : Completed 200 OK
2026-02-22 07:59:46.454 INFO  [http-nio-8080-exec-10] c.d.p.c.RequestResponseLoggingFilter : REQUEST: method=GET, uri=/api/dsr/consolidated, headers={sec-fetch-mode=cors, referer=http://localhost:5173/, sec-fetch-site=same-site, accept-language=en-GB,en-US;q=0.9,en;q=0.8, cookie=JSESSIONID=828BDDD4104F79F0D8FB58CD95D0D3E9, origin=http://localhost:5173, dnt=1, accept=application/json, text/plain, */*, authorization=Bearer 8681c15b-92e0-4c24-b748-aa48564ce423, sec-ch-ua="Chromium";v="142", "Google Chrome";v="142", "Not_A Brand";v="99", sec-ch-ua-mobile=?0, sec-ch-ua-platform="Linux", host=localhost:8080, connection=keep-alive, accept-encoding=gzip, deflate, br, zstd, user-agent=Mozilla/5.0 (X11; Linux x86_64) AppleWebKit/537.36 (KHTML, like Gecko) Chrome/142.0.0.0 Safari/537.36, sec-fetch-dest=empty}, payload=
2026-02-22 07:59:46.454 INFO  [http-nio-8080-exec-10] c.d.p.c.RequestResponseLoggingFilter : RESPONSE: status=200, payload=[{"date":"2026-02-04","totalAmount":162137.66920000224,"dieselAmount":99545.86720000468,"petrolRate":104.52,"dieselVolume":1093.4300000000512,"petrolVolume":598.8499999999767,"dieselRate":91.04000000000002,"petrolAmount":62591.801999997566},{"date":"2026-02-05","totalAmount":136115.35520000098,"dieselAmount":68097.92,"petrolRate":104.52,"dieselVolume":748.0,"petrolVolume":650.7600000000093,"dieselRate":91.03999999999999,"petrolAmount":68017.43520000097},{"date":"2026-02-06","totalAmount":124029.88319999841,"dieselAmount":45359.769599999156,"petrolRate":104.51999999999998,"dieselVolume":498.2399999999907,"petrolVolume":752.679999999993,"dieselRate":91.04,"petrolAmount":78670.11359999925},{"date":"2026-02-07","totalAmount":204755.85119999194,"dieselAmount":120721.77119999196,"petrolRate":104.52,"dieselVolume":1326.0299999999115,"petrolVolume":804.0,"dieselRate":91.04,"petrolAmount":84034.08},{"date":"2026-02-08","totalAmount":121895.31159999178,"dieselAmount":61011.36640000297,"petrolRate":104.52,"dieselVolume":670.1600000000326,"petrolVolume":582.5099999998929,"dieselRate":91.04,"petrolAmount":60883.945199988804}], time_ms=11
2026-02-22 07:59:46.458 DEBUG [http-nio-8080-exec-1] o.s.web.servlet.DispatcherServlet : GET "/api/dsr/consolidated?month=2&year=2026", parameters={masked}
2026-02-22 07:59:46.459 DEBUG [http-nio-8080-exec-1] o.s.w.s.m.m.a.RequestMappingHandlerMapping : Mapped to com.deccan.petroconnect.controllers.DsrController#getConsolidatedReport(int, int)
2026-02-22 07:59:46.467 DEBUG [http-nio-8080-exec-1] o.s.w.s.m.m.a.HttpEntityMethodProcessor : Using 'application/json', given [application/json, text/plain, */*] and supported [application/json, application/*+json]
2026-02-22 07:59:46.467 DEBUG [http-nio-8080-exec-1] o.s.w.s.m.m.a.HttpEntityMethodProcessor : Writing [[{date=2026-02-04, totalAmount=162137.66920000224, dieselAmount=99545.86720000468, petrolRate=104.52 (truncated)...]
2026-02-22 07:59:46.468 DEBUG [http-nio-8080-exec-1] o.s.web.servlet.DispatcherServlet : Completed 200 OK
2026-02-22 07:59:46.468 INFO  [http-nio-8080-exec-1] c.d.p.c.RequestResponseLoggingFilter : REQUEST: method=GET, uri=/api/dsr/consolidated, headers={sec-fetch-mode=cors, referer=http://localhost:5173/, sec-fetch-site=same-site, accept-language=en-GB,en-US;q=0.9,en;q=0.8, cookie=JSESSIONID=828BDDD4104F79F0D8FB58CD95D0D3E9, origin=http://localhost:5173, dnt=1, accept=application/json, text/plain, */*, authorization=Bearer 8681c15b-92e0-4c24-b748-aa48564ce423, sec-ch-ua="Chromium";v="142", "Google Chrome";v="142", "Not_A Brand";v="99", sec-ch-ua-mobile=?0, sec-ch-ua-platform="Linux", host=localhost:8080, connection=keep-alive, accept-encoding=gzip, deflate, br, zstd, user-agent=Mozilla/5.0 (X11; Linux x86_64) AppleWebKit/537.36 (KHTML, like Gecko) Chrome/142.0.0.0 Safari/537.36, sec-fetch-dest=empty}, payload=
2026-02-22 07:59:46.468 INFO  [http-nio-8080-exec-1] c.d.p.c.RequestResponseLoggingFilter : RESPONSE: status=200, payload=[{"date":"2026-02-04","totalAmount":162137.66920000224,"dieselAmount":99545.86720000468,"petrolRate":104.52,"dieselVolume":1093.4300000000512,"petrolVolume":598.8499999999767,"dieselRate":91.04000000000002,"petrolAmount":62591.801999997566},{"date":"2026-02-05","totalAmount":136115.35520000098,"dieselAmount":68097.92,"petrolRate":104.52,"dieselVolume":748.0,"petrolVolume":650.7600000000093,"dieselRate":91.03999999999999,"petrolAmount":68017.43520000097},{"date":"2026-02-06","totalAmount":124029.88319999841,"dieselAmount":45359.769599999156,"petrolRate":104.51999999999998,"dieselVolume":498.2399999999907,"petrolVolume":752.679999999993,"dieselRate":91.04,"petrolAmount":78670.11359999925},{"date":"2026-02-07","totalAmount":204755.85119999194,"dieselAmount":120721.77119999196,"petrolRate":104.52,"dieselVolume":1326.0299999999115,"petrolVolume":804.0,"dieselRate":91.04,"petrolAmount":84034.08},{"date":"2026-02-08","totalAmount":121895.31159999178,"dieselAmount":61011.36640000297,"petrolRate":104.52,"dieselVolume":670.1600000000326,"petrolVolume":582.5099999998929,"dieselRate":91.04,"petrolAmount":60883.945199988804}], time_ms=10
2026-02-22 07:59:50.045 DEBUG [http-nio-8080-exec-2] o.s.web.servlet.DispatcherServlet : GET "/api/station/config?username=demo", parameters={masked}
2026-02-22 07:59:50.046 DEBUG [http-nio-8080-exec-2] o.s.w.s.m.m.a.RequestMappingHandlerMapping : Mapped to com.deccan.petroconnect.controllers.PetrolStationController#getStationConfig(String)
2026-02-22 07:59:50.052 DEBUG [http-nio-8080-exec-2] o.s.w.s.m.m.a.HttpEntityMethodProcessor : Using 'application/json', given [application/json, text/plain, */*] and supported [application/json, application/*+json]
2026-02-22 07:59:50.052 DEBUG [http-nio-8080-exec-2] o.s.w.s.m.m.a.HttpEntityMethodProcessor : Writing [PetrolStation(id=1, stationName=OmSaiSiddhi, stationCode=demo, dealerName=demo, contactNumber=demo,  (truncated)...]
2026-02-22 07:59:50.053 DEBUG [http-nio-8080-exec-2] o.s.web.servlet.DispatcherServlet : Completed 200 OK
2026-02-22 07:59:50.053 INFO  [http-nio-8080-exec-2] c.d.p.c.RequestResponseLoggingFilter : REQUEST: method=GET, uri=/api/station/config, headers={sec-fetch-mode=cors, referer=http://localhost:5173/, sec-fetch-site=same-site, accept-language=en-GB,en-US;q=0.9,en;q=0.8, cookie=JSESSIONID=828BDDD4104F79F0D8FB58CD95D0D3E9, origin=http://localhost:5173, dnt=1, accept=application/json, text/plain, */*, authorization=Bearer 8681c15b-92e0-4c24-b748-aa48564ce423, sec-ch-ua="Chromium";v="142", "Google Chrome";v="142", "Not_A Brand";v="99", sec-ch-ua-mobile=?0, sec-ch-ua-platform="Linux", host=localhost:8080, connection=keep-alive, accept-encoding=gzip, deflate, br, zstd, user-agent=Mozilla/5.0 (X11; Linux x86_64) AppleWebKit/537.36 (KHTML, like Gecko) Chrome/142.0.0.0 Safari/537.36, sec-fetch-dest=empty}, payload=
2026-02-22 07:59:50.053 INFO  [http-nio-8080-exec-2] c.d.p.c.RequestResponseLoggingFilter : RESPONSE: status=200, payload={"id":1,"stationName":"OmSaiSiddhi","stationCode":"demo","dealerName":"demo","contactNumber":"demo","email":"demo@gmail.com","address":"demo","createdAt":"2026-02-04","configuration":"{\"shifts\": [\"Day\", \"Night\"], \"stationName\": \"OmSaiSiddhi\", \"isConfigured\": true, \"dispensingUnits\": [{\"id\": 1, \"name\": \"DU 1\", \"nozzles\": [{\"id\": \"A1\", \"productType\": \"Petrol\"}, {\"id\": \"A2\", \"productType\": \"Petrol\"}]}, {\"id\": 2, \"name\": \"DU 2\", \"nozzles\": [{\"id\": \"V1\", \"productType\": \"Diesel\"}, {\"id\": \"V2\", \"productType\": \"Diesel\"}]}]}"}, time_ms=8
2026-02-22 07:59:50.058 DEBUG [http-nio-8080-exec-3] o.s.web.servlet.DispatcherServlet : GET "/api/station/config?username=demo", parameters={masked}
2026-02-22 07:59:50.058 DEBUG [http-nio-8080-exec-3] o.s.w.s.m.m.a.RequestMappingHandlerMapping : Mapped to com.deccan.petroconnect.controllers.PetrolStationController#getStationConfig(String)
2026-02-22 07:59:50.061 DEBUG [http-nio-8080-exec-4] o.s.web.servlet.DispatcherServlet : GET "/api/dsr?date=2026-02-22&shift=Day", parameters={masked}
2026-02-22 07:59:50.061 DEBUG [http-nio-8080-exec-4] o.s.w.s.m.m.a.RequestMappingHandlerMapping : Mapped to com.deccan.petroconnect.controllers.DsrController#getDsrShift(String, String)
2026-02-22 07:59:50.062 DEBUG [http-nio-8080-exec-3] o.s.w.s.m.m.a.HttpEntityMethodProcessor : Using 'application/json', given [application/json, text/plain, */*] and supported [application/json, application/*+json]
2026-02-22 07:59:50.063 DEBUG [http-nio-8080-exec-3] o.s.w.s.m.m.a.HttpEntityMethodProcessor : Writing [PetrolStation(id=1, stationName=OmSaiSiddhi, stationCode=demo, dealerName=demo, contactNumber=demo,  (truncated)...]
2026-02-22 07:59:50.063 DEBUG [http-nio-8080-exec-3] o.s.web.servlet.DispatcherServlet : Completed 200 OK
2026-02-22 07:59:50.064 INFO  [http-nio-8080-exec-3] c.d.p.c.RequestResponseLoggingFilter : REQUEST: method=GET, uri=/api/station/config, headers={sec-fetch-mode=cors, referer=http://localhost:5173/, sec-fetch-site=same-site, accept-language=en-GB,en-US;q=0.9,en;q=0.8, cookie=JSESSIONID=828BDDD4104F79F0D8FB58CD95D0D3E9, origin=http://localhost:5173, dnt=1, accept=application/json, text/plain, */*, authorization=Bearer 8681c15b-92e0-4c24-b748-aa48564ce423, sec-ch-ua="Chromium";v="142", "Google Chrome";v="142", "Not_A Brand";v="99", sec-ch-ua-mobile=?0, sec-ch-ua-platform="Linux", host=localhost:8080, connection=keep-alive, accept-encoding=gzip, deflate, br, zstd, user-agent=Mozilla/5.0 (X11; Linux x86_64) AppleWebKit/537.36 (KHTML, like Gecko) Chrome/142.0.0.0 Safari/537.36, sec-fetch-dest=empty}, payload=
2026-02-22 07:59:50.064 INFO  [http-nio-8080-exec-3] c.d.p.c.RequestResponseLoggingFilter : RESPONSE: status=200, payload={"id":1,"stationName":"OmSaiSiddhi","stationCode":"demo","dealerName":"demo","contactNumber":"demo","email":"demo@gmail.com","address":"demo","createdAt":"2026-02-04","configuration":"{\"shifts\": [\"Day\", \"Night\"], \"stationName\": \"OmSaiSiddhi\", \"isConfigured\": true, \"dispensingUnits\": [{\"id\": 1, \"name\": \"DU 1\", \"nozzles\": [{\"id\": \"A1\", \"productType\": \"Petrol\"}, {\"id\": \"A2\", \"productType\": \"Petrol\"}]}, {\"id\": 2, \"name\": \"DU 2\", \"nozzles\": [{\"id\": \"V1\", \"productType\": \"Diesel\"}, {\"id\": \"V2\", \"productType\": \"Diesel\"}]}]}"}, time_ms=6
2026-02-22 07:59:50.067 DEBUG [http-nio-8080-exec-4] o.s.w.s.m.m.a.HttpEntityMethodProcessor : Using 'application/json', given [application/json, text/plain, */*] and supported [*/*]
2026-02-22 07:59:50.067 DEBUG [http-nio-8080-exec-4] o.s.web.servlet.DispatcherServlet : Completed 200 OK
2026-02-22 07:59:50.068 INFO  [http-nio-8080-exec-4] c.d.p.c.RequestResponseLoggingFilter : REQUEST: method=GET, uri=/api/dsr, headers={sec-fetch-mode=cors, referer=http://localhost:5173/, sec-fetch-site=same-site, accept-language=en-GB,en-US;q=0.9,en;q=0.8, cookie=JSESSIONID=828BDDD4104F79F0D8FB58CD95D0D3E9, origin=http://localhost:5173, dnt=1, accept=application/json, text/plain, */*, authorization=Bearer 8681c15b-92e0-4c24-b748-aa48564ce423, sec-ch-ua="Chromium";v="142", "Google Chrome";v="142", "Not_A Brand";v="99", sec-ch-ua-mobile=?0, sec-ch-ua-platform="Linux", host=localhost:8080, connection=keep-alive, accept-encoding=gzip, deflate, br, zstd, user-agent=Mozilla/5.0 (X11; Linux x86_64) AppleWebKit/537.36 (KHTML, like Gecko) Chrome/142.0.0.0 Safari/537.36, sec-fetch-dest=empty}, payload=
2026-02-22 07:59:50.068 INFO  [http-nio-8080-exec-4] c.d.p.c.RequestResponseLoggingFilter : RESPONSE: status=200, payload=, time_ms=7
2026-02-22 07:59:50.072 DEBUG [http-nio-8080-exec-5] o.s.web.servlet.DispatcherServlet : GET "/api/dsr?date=2026-02-22&shift=Day", parameters={masked}
2026-02-22 07:59:50.073 DEBUG [http-nio-8080-exec-5] o.s.w.s.m.m.a.RequestMappingHandlerMapping : Mapped to com.deccan.petroconnect.controllers.DsrController#getDsrShift(String, String)
2026-02-22 07:59:50.074 DEBUG [http-nio-8080-exec-6] o.s.web.servlet.DispatcherServlet : GET "/api/dsr?date=2026-02-21&shift=Night", parameters={masked}
2026-02-22 07:59:50.074 DEBUG [http-nio-8080-exec-6] o.s.w.s.m.m.a.RequestMappingHandlerMapping : Mapped to com.deccan.petroconnect.controllers.DsrController#getDsrShift(String, String)
2026-02-22 07:59:50.076 DEBUG [http-nio-8080-exec-5] o.s.w.s.m.m.a.HttpEntityMethodProcessor : Using 'application/json', given [application/json, text/plain, */*] and supported [*/*]
2026-02-22 07:59:50.077 DEBUG [http-nio-8080-exec-5] o.s.web.servlet.DispatcherServlet : Completed 200 OK
2026-02-22 07:59:50.077 DEBUG [http-nio-8080-exec-6] o.s.w.s.m.m.a.HttpEntityMethodProcessor : Using 'application/json', given [application/json, text/plain, */*] and supported [*/*]
2026-02-22 07:59:50.077 DEBUG [http-nio-8080-exec-6] o.s.web.servlet.DispatcherServlet : Completed 200 OK
2026-02-22 07:59:50.077 INFO  [http-nio-8080-exec-5] c.d.p.c.RequestResponseLoggingFilter : REQUEST: method=GET, uri=/api/dsr, headers={sec-fetch-mode=cors, referer=http://localhost:5173/, sec-fetch-site=same-site, accept-language=en-GB,en-US;q=0.9,en;q=0.8, cookie=JSESSIONID=828BDDD4104F79F0D8FB58CD95D0D3E9, origin=http://localhost:5173, dnt=1, accept=application/json, text/plain, */*, authorization=Bearer 8681c15b-92e0-4c24-b748-aa48564ce423, sec-ch-ua="Chromium";v="142", "Google Chrome";v="142", "Not_A Brand";v="99", sec-ch-ua-mobile=?0, sec-ch-ua-platform="Linux", host=localhost:8080, connection=keep-alive, accept-encoding=gzip, deflate, br, zstd, user-agent=Mozilla/5.0 (X11; Linux x86_64) AppleWebKit/537.36 (KHTML, like Gecko) Chrome/142.0.0.0 Safari/537.36, sec-fetch-dest=empty}, payload=
2026-02-22 07:59:50.077 INFO  [http-nio-8080-exec-5] c.d.p.c.RequestResponseLoggingFilter : RESPONSE: status=200, payload=, time_ms=5
2026-02-22 07:59:50.077 INFO  [http-nio-8080-exec-6] c.d.p.c.RequestResponseLoggingFilter : REQUEST: method=GET, uri=/api/dsr, headers={sec-fetch-mode=cors, referer=http://localhost:5173/, sec-fetch-site=same-site, accept-language=en-GB,en-US;q=0.9,en;q=0.8, cookie=JSESSIONID=828BDDD4104F79F0D8FB58CD95D0D3E9, origin=http://localhost:5173, dnt=1, accept=application/json, text/plain, */*, authorization=Bearer 8681c15b-92e0-4c24-b748-aa48564ce423, sec-ch-ua="Chromium";v="142", "Google Chrome";v="142", "Not_A Brand";v="99", sec-ch-ua-mobile=?0, sec-ch-ua-platform="Linux", host=localhost:8080, connection=keep-alive, accept-encoding=gzip, deflate, br, zstd, user-agent=Mozilla/5.0 (X11; Linux x86_64) AppleWebKit/537.36 (KHTML, like Gecko) Chrome/142.0.0.0 Safari/537.36, sec-fetch-dest=empty}, payload=
2026-02-22 07:59:50.077 INFO  [http-nio-8080-exec-6] c.d.p.c.RequestResponseLoggingFilter : RESPONSE: status=200, payload=, time_ms=3
2026-02-22 07:59:50.084 DEBUG [http-nio-8080-exec-7] o.s.web.servlet.DispatcherServlet : GET "/api/dsr?date=2026-02-21&shift=Night", parameters={masked}
2026-02-22 07:59:50.084 DEBUG [http-nio-8080-exec-7] o.s.w.s.m.m.a.RequestMappingHandlerMapping : Mapped to com.deccan.petroconnect.controllers.DsrController#getDsrShift(String, String)
2026-02-22 07:59:50.087 DEBUG [http-nio-8080-exec-7] o.s.w.s.m.m.a.HttpEntityMethodProcessor : Using 'application/json', given [application/json, text/plain, */*] and supported [*/*]
2026-02-22 07:59:50.088 DEBUG [http-nio-8080-exec-7] o.s.web.servlet.DispatcherServlet : Completed 200 OK
2026-02-22 07:59:50.088 INFO  [http-nio-8080-exec-7] c.d.p.c.RequestResponseLoggingFilter : REQUEST: method=GET, uri=/api/dsr, headers={sec-fetch-mode=cors, referer=http://localhost:5173/, sec-fetch-site=same-site, accept-language=en-GB,en-US;q=0.9,en;q=0.8, cookie=JSESSIONID=828BDDD4104F79F0D8FB58CD95D0D3E9, origin=http://localhost:5173, dnt=1, accept=application/json, text/plain, */*, authorization=Bearer 8681c15b-92e0-4c24-b748-aa48564ce423, sec-ch-ua="Chromium";v="142", "Google Chrome";v="142", "Not_A Brand";v="99", sec-ch-ua-mobile=?0, sec-ch-ua-platform="Linux", host=localhost:8080, connection=keep-alive, accept-encoding=gzip, deflate, br, zstd, user-agent=Mozilla/5.0 (X11; Linux x86_64) AppleWebKit/537.36 (KHTML, like Gecko) Chrome/142.0.0.0 Safari/537.36, sec-fetch-dest=empty}, payload=
2026-02-22 07:59:50.088 INFO  [http-nio-8080-exec-7] c.d.p.c.RequestResponseLoggingFilter : RESPONSE: status=200, payload=, time_ms=5
2026-02-22 07:59:51.085 DEBUG [http-nio-8080-exec-8] o.s.web.servlet.DispatcherServlet : GET "/api/dsr/consolidated?month=2&year=2026", parameters={masked}
2026-02-22 07:59:51.085 DEBUG [http-nio-8080-exec-8] o.s.w.s.m.m.a.RequestMappingHandlerMapping : Mapped to com.deccan.petroconnect.controllers.DsrController#getConsolidatedReport(int, int)
2026-02-22 07:59:51.092 DEBUG [http-nio-8080-exec-8] o.s.w.s.m.m.a.HttpEntityMethodProcessor : Using 'application/json', given [application/json, text/plain, */*] and supported [application/json, application/*+json]
2026-02-22 07:59:51.093 DEBUG [http-nio-8080-exec-8] o.s.w.s.m.m.a.HttpEntityMethodProcessor : Writing [[{date=2026-02-04, totalAmount=162137.66920000224, dieselAmount=99545.86720000468, petrolRate=104.52 (truncated)...]
2026-02-22 07:59:51.094 DEBUG [http-nio-8080-exec-8] o.s.web.servlet.DispatcherServlet : Completed 200 OK
2026-02-22 07:59:51.094 INFO  [http-nio-8080-exec-8] c.d.p.c.RequestResponseLoggingFilter : REQUEST: method=GET, uri=/api/dsr/consolidated, headers={sec-fetch-mode=cors, referer=http://localhost:5173/, sec-fetch-site=same-site, accept-language=en-GB,en-US;q=0.9,en;q=0.8, cookie=JSESSIONID=828BDDD4104F79F0D8FB58CD95D0D3E9, origin=http://localhost:5173, dnt=1, accept=application/json, text/plain, */*, authorization=Bearer 8681c15b-92e0-4c24-b748-aa48564ce423, sec-ch-ua="Chromium";v="142", "Google Chrome";v="142", "Not_A Brand";v="99", sec-ch-ua-mobile=?0, sec-ch-ua-platform="Linux", host=localhost:8080, connection=keep-alive, accept-encoding=gzip, deflate, br, zstd, user-agent=Mozilla/5.0 (X11; Linux x86_64) AppleWebKit/537.36 (KHTML, like Gecko) Chrome/142.0.0.0 Safari/537.36, sec-fetch-dest=empty}, payload=
2026-02-22 07:59:51.094 INFO  [http-nio-8080-exec-8] c.d.p.c.RequestResponseLoggingFilter : RESPONSE: status=200, payload=[{"date":"2026-02-04","totalAmount":162137.66920000224,"dieselAmount":99545.86720000468,"petrolRate":104.52,"dieselVolume":1093.4300000000512,"petrolVolume":598.8499999999767,"dieselRate":91.04000000000002,"petrolAmount":62591.801999997566},{"date":"2026-02-05","totalAmount":136115.35520000098,"dieselAmount":68097.92,"petrolRate":104.52,"dieselVolume":748.0,"petrolVolume":650.7600000000093,"dieselRate":91.03999999999999,"petrolAmount":68017.43520000097},{"date":"2026-02-06","totalAmount":124029.88319999841,"dieselAmount":45359.769599999156,"petrolRate":104.51999999999998,"dieselVolume":498.2399999999907,"petrolVolume":752.679999999993,"dieselRate":91.04,"petrolAmount":78670.11359999925},{"date":"2026-02-07","totalAmount":204755.85119999194,"dieselAmount":120721.77119999196,"petrolRate":104.52,"dieselVolume":1326.0299999999115,"petrolVolume":804.0,"dieselRate":91.04,"petrolAmount":84034.08},{"date":"2026-02-08","totalAmount":121895.31159999178,"dieselAmount":61011.36640000297,"petrolRate":104.52,"dieselVolume":670.1600000000326,"petrolVolume":582.5099999998929,"dieselRate":91.04,"petrolAmount":60883.945199988804}], time_ms=9
2026-02-22 07:59:51.098 DEBUG [http-nio-8080-exec-9] o.s.web.servlet.DispatcherServlet : GET "/api/dsr/consolidated?month=2&year=2026", parameters={masked}
2026-02-22 07:59:51.098 DEBUG [http-nio-8080-exec-9] o.s.w.s.m.m.a.RequestMappingHandlerMapping : Mapped to com.deccan.petroconnect.controllers.DsrController#getConsolidatedReport(int, int)
2026-02-22 07:59:51.109 DEBUG [http-nio-8080-exec-9] o.s.w.s.m.m.a.HttpEntityMethodProcessor : Using 'application/json', given [application/json, text/plain, */*] and supported [application/json, application/*+json]
2026-02-22 07:59:51.109 DEBUG [http-nio-8080-exec-9] o.s.w.s.m.m.a.HttpEntityMethodProcessor : Writing [[{date=2026-02-04, totalAmount=162137.66920000224, dieselAmount=99545.86720000468, petrolRate=104.52 (truncated)...]
2026-02-22 07:59:51.110 DEBUG [http-nio-8080-exec-9] o.s.web.servlet.DispatcherServlet : Completed 200 OK
2026-02-22 07:59:51.110 INFO  [http-nio-8080-exec-9] c.d.p.c.RequestResponseLoggingFilter : REQUEST: method=GET, uri=/api/dsr/consolidated, headers={sec-fetch-mode=cors, referer=http://localhost:5173/, sec-fetch-site=same-site, accept-language=en-GB,en-US;q=0.9,en;q=0.8, cookie=JSESSIONID=828BDDD4104F79F0D8FB58CD95D0D3E9, origin=http://localhost:5173, dnt=1, accept=application/json, text/plain, */*, authorization=Bearer 8681c15b-92e0-4c24-b748-aa48564ce423, sec-ch-ua="Chromium";v="142", "Google Chrome";v="142", "Not_A Brand";v="99", sec-ch-ua-mobile=?0, sec-ch-ua-platform="Linux", host=localhost:8080, connection=keep-alive, accept-encoding=gzip, deflate, br, zstd, user-agent=Mozilla/5.0 (X11; Linux x86_64) AppleWebKit/537.36 (KHTML, like Gecko) Chrome/142.0.0.0 Safari/537.36, sec-fetch-dest=empty}, payload=
2026-02-22 07:59:51.110 INFO  [http-nio-8080-exec-9] c.d.p.c.RequestResponseLoggingFilter : RESPONSE: status=200, payload=[{"date":"2026-02-04","totalAmount":162137.66920000224,"dieselAmount":99545.86720000468,"petrolRate":104.52,"dieselVolume":1093.4300000000512,"petrolVolume":598.8499999999767,"dieselRate":91.04000000000002,"petrolAmount":62591.801999997566},{"date":"2026-02-05","totalAmount":136115.35520000098,"dieselAmount":68097.92,"petrolRate":104.52,"dieselVolume":748.0,"petrolVolume":650.7600000000093,"dieselRate":91.03999999999999,"petrolAmount":68017.43520000097},{"date":"2026-02-06","totalAmount":124029.88319999841,"dieselAmount":45359.769599999156,"petrolRate":104.51999999999998,"dieselVolume":498.2399999999907,"petrolVolume":752.679999999993,"dieselRate":91.04,"petrolAmount":78670.11359999925},{"date":"2026-02-07","totalAmount":204755.85119999194,"dieselAmount":120721.77119999196,"petrolRate":104.52,"dieselVolume":1326.0299999999115,"petrolVolume":804.0,"dieselRate":91.04,"petrolAmount":84034.08},{"date":"2026-02-08","totalAmount":121895.31159999178,"dieselAmount":61011.36640000297,"petrolRate":104.52,"dieselVolume":670.1600000000326,"petrolVolume":582.5099999998929,"dieselRate":91.04,"petrolAmount":60883.945199988804}], time_ms=12
2026-02-22 07:59:52.446 DEBUG [http-nio-8080-exec-10] o.s.web.servlet.DispatcherServlet : GET "/api/dsr/analytics?startDate=2026-01-23&endDate=2026-02-22", parameters={masked}
2026-02-22 07:59:52.447 DEBUG [http-nio-8080-exec-10] o.s.w.s.m.m.a.RequestMappingHandlerMapping : Mapped to com.deccan.petroconnect.controllers.DsrController#getAnalytics(String, String)
2026-02-22 07:59:52.451 DEBUG [http-nio-8080-exec-10] o.s.w.s.m.m.a.HttpEntityMethodProcessor : Using 'application/json', given [application/json, text/plain, */*] and supported [application/json, application/*+json]
2026-02-22 07:59:52.451 DEBUG [http-nio-8080-exec-10] o.s.w.s.m.m.a.HttpEntityMethodProcessor : Writing [[org.springframework.data.jpa.repository.query.AbstractJpaQuery$TupleConverter$TupleBackedMap@78c8c9 (truncated)...]
2026-02-22 07:59:52.453 DEBUG [http-nio-8080-exec-10] o.s.web.servlet.DispatcherServlet : Completed 200 OK
2026-02-22 07:59:52.453 INFO  [http-nio-8080-exec-10] c.d.p.c.RequestResponseLoggingFilter : REQUEST: method=GET, uri=/api/dsr/analytics, headers={sec-fetch-mode=cors, referer=http://localhost:5173/, sec-fetch-site=same-site, accept-language=en-GB,en-US;q=0.9,en;q=0.8, cookie=JSESSIONID=828BDDD4104F79F0D8FB58CD95D0D3E9, origin=http://localhost:5173, dnt=1, accept=application/json, text/plain, */*, authorization=Bearer 8681c15b-92e0-4c24-b748-aa48564ce423, sec-ch-ua="Chromium";v="142", "Google Chrome";v="142", "Not_A Brand";v="99", sec-ch-ua-mobile=?0, sec-ch-ua-platform="Linux", host=localhost:8080, connection=keep-alive, accept-encoding=gzip, deflate, br, zstd, user-agent=Mozilla/5.0 (X11; Linux x86_64) AppleWebKit/537.36 (KHTML, like Gecko) Chrome/142.0.0.0 Safari/537.36, sec-fetch-dest=empty}, payload=
2026-02-22 07:59:52.453 INFO  [http-nio-8080-exec-10] c.d.p.c.RequestResponseLoggingFilter : RESPONSE: status=200, payload=[{"date":"2026-02-04","petrolVolume":598.8499999999767,"petrolAmount":62591.801999997566,"dieselVolume":1093.4300000000512,"dieselAmount":99545.86720000466,"totalRevenue":162137.66920000224},{"date":"2026-02-05","petrolVolume":650.7600000000093,"petrolAmount":68017.43520000097,"dieselVolume":748.0,"dieselAmount":68097.92000000001,"totalRevenue":136115.35520000098},{"date":"2026-02-06","petrolVolume":752.679999999993,"petrolAmount":78670.11359999925,"dieselVolume":498.2399999999907,"dieselAmount":45359.769599999156,"totalRevenue":124029.88319999841},{"date":"2026-02-07","petrolVolume":804.0,"petrolAmount":84034.08,"dieselVolume":1326.0299999999115,"dieselAmount":120721.77119999196,"totalRevenue":204755.85119999194},{"date":"2026-02-08","petrolVolume":582.5099999998929,"petrolAmount":60883.945199988804,"dieselVolume":670.1600000000326,"dieselAmount":61011.36640000297,"totalRevenue":121895.31159999178}], time_ms=7
2026-02-22 07:59:52.458 DEBUG [http-nio-8080-exec-1] o.s.web.servlet.DispatcherServlet : GET "/api/dsr/analytics?startDate=2026-01-23&endDate=2026-02-22", parameters={masked}
2026-02-22 07:59:52.458 DEBUG [http-nio-8080-exec-1] o.s.w.s.m.m.a.RequestMappingHandlerMapping : Mapped to com.deccan.petroconnect.controllers.DsrController#getAnalytics(String, String)
2026-02-22 07:59:52.462 DEBUG [http-nio-8080-exec-1] o.s.w.s.m.m.a.HttpEntityMethodProcessor : Using 'application/json', given [application/json, text/plain, */*] and supported [application/json, application/*+json]
2026-02-22 07:59:52.462 DEBUG [http-nio-8080-exec-1] o.s.w.s.m.m.a.HttpEntityMethodProcessor : Writing [[org.springframework.data.jpa.repository.query.AbstractJpaQuery$TupleConverter$TupleBackedMap@a09d87 (truncated)...]
2026-02-22 07:59:52.464 DEBUG [http-nio-8080-exec-1] o.s.web.servlet.DispatcherServlet : Completed 200 OK
2026-02-22 07:59:52.465 INFO  [http-nio-8080-exec-1] c.d.p.c.RequestResponseLoggingFilter : REQUEST: method=GET, uri=/api/dsr/analytics, headers={sec-fetch-mode=cors, referer=http://localhost:5173/, sec-fetch-site=same-site, accept-language=en-GB,en-US;q=0.9,en;q=0.8, cookie=JSESSIONID=828BDDD4104F79F0D8FB58CD95D0D3E9, origin=http://localhost:5173, dnt=1, accept=application/json, text/plain, */*, authorization=Bearer 8681c15b-92e0-4c24-b748-aa48564ce423, sec-ch-ua="Chromium";v="142", "Google Chrome";v="142", "Not_A Brand";v="99", sec-ch-ua-mobile=?0, sec-ch-ua-platform="Linux", host=localhost:8080, connection=keep-alive, accept-encoding=gzip, deflate, br, zstd, user-agent=Mozilla/5.0 (X11; Linux x86_64) AppleWebKit/537.36 (KHTML, like Gecko) Chrome/142.0.0.0 Safari/537.36, sec-fetch-dest=empty}, payload=
2026-02-22 07:59:52.465 INFO  [http-nio-8080-exec-1] c.d.p.c.RequestResponseLoggingFilter : RESPONSE: status=200, payload=[{"date":"2026-02-04","petrolVolume":598.8499999999767,"petrolAmount":62591.801999997566,"dieselVolume":1093.4300000000512,"dieselAmount":99545.86720000466,"totalRevenue":162137.66920000224},{"date":"2026-02-05","petrolVolume":650.7600000000093,"petrolAmount":68017.43520000097,"dieselVolume":748.0,"dieselAmount":68097.92000000001,"totalRevenue":136115.35520000098},{"date":"2026-02-06","petrolVolume":752.679999999993,"petrolAmount":78670.11359999925,"dieselVolume":498.2399999999907,"dieselAmount":45359.769599999156,"totalRevenue":124029.88319999841},{"date":"2026-02-07","petrolVolume":804.0,"petrolAmount":84034.08,"dieselVolume":1326.0299999999115,"dieselAmount":120721.77119999196,"totalRevenue":204755.85119999194},{"date":"2026-02-08","petrolVolume":582.5099999998929,"petrolAmount":60883.945199988804,"dieselVolume":670.1600000000326,"dieselAmount":61011.36640000297,"totalRevenue":121895.31159999178}], time_ms=8
